"text","diggCount","replyCommentTotal","createTimeISO","uniqueId","videoWebUrl","uid","cid","avatarThumbnail"
"kaaa habis berapa buat urus berkas sampe kesana nya pliss🥺","40","4","2025-08-29T10:57:40.000Z","youuu_78","https://www.tiktok.com/@nadaikaa/video/7538096529605709112","7394773664187171846","7543959970715288327","https://p16-common-sign-sg.tiktokcdn-us.com/tos-alisg-avt-0068/2d9005155fd678fb8ebb12e549e7f2fb~tplv-tiktokx-cropcenter:100:100.jpg?dr=9640&refresh_token=167191bc&x-expires=1756951200&x-signature=kks71LXcdQvug1dF3oe9fHu8L9I%3D&t=4d5b0474&ps=13740610&shp=30310797&shcp=ff37627b&idc=useast5"
"kaa mau template essaynya kakk","0","0","2025-09-02T15:27:02.000Z","milkyjenoo","https://www.tiktok.com/@nadaikaa/video/7538096529605709112","7004355353115264026","7545513703606862610","https://p16-common-sign-sg.tiktokcdn-us.com/tos-alisg-avt-0068/15a3da0585d478688f5d07bbaec2a991~tplv-tiktokx-cropcenter:100:100.jpg?dr=9640&refresh_token=4a6b86e0&x-expires=1756951200&x-signature=uiL7EUdi6v6MIeLK5Wur2IxPpJE%3D&t=4d5b0474&ps=13740610&shp=30310797&shcp=ff37627b&idc=useast5"
"ESSAY, MW KAAAA😼😼😼🩷🩷","0","0","2025-08-29T23:41:26.000Z","mrsmllaowk","https://www.tiktok.com/@nadaikaa/video/7538096529605709112","7277175629743932417","7544156737549927176","https://p16-common-sign-sg.tiktokcdn-us.com/tos-alisg-avt-0068/d831c91acbbd6a179c5e7a846da98778~tplv-tiktokx-cropcenter:100:100.jpg?dr=9640&refresh_token=7c468c89&x-expires=1756951200&x-signature=nJeW9cKbobk%2BlirQKjz32NsxTHo%3D&t=4d5b0474&ps=13740610&shp=30310797&shcp=ff37627b&idc=useast5"
"kakk klo anak gapyear bisa gaa?, perlu cantumin nilai rapot juga??, aku udh terlanjur tahun ini untuk gapyear","0","0","2025-09-02T16:15:40.000Z","cherryblup_","https://www.tiktok.com/@nadaikaa/video/7538096529605709112","6733450414497170434","7545526254515536648","https://p19-common-sign-sg.tiktokcdn-us.com/tos-alisg-avt-0068/62ee36e178e9186d8788aa685f4a97b6~tplv-tiktokx-cropcenter:100:100.jpg?dr=9640&refresh_token=8d82a761&x-expires=1756951200&x-signature=nDju3bRqiHmJuaqYOCMflwgj1ZY%3D&t=4d5b0474&ps=13740610&shp=30310797&shcp=ff37627b&idc=useast5"
"kak nilainya berapa aja kak😅","10","0","2025-08-31T10:51:50.000Z","nasyiwa.aqila","https://www.tiktok.com/@nadaikaa/video/7538096529605709112","7213020009763881986","7544700615342146322","https://p16-common-sign-va.tiktokcdn-us.com/tos-maliva-avt-0068/db6c5fb3de11d2b02268b51b2e6e4897~tplv-tiktokx-cropcenter:100:100.jpg?dr=9640&refresh_token=828e49a3&x-expires=1756951200&x-signature=W19kSLm6xHuHf59lQ34jFcOZtHY%3D&t=4d5b0474&ps=13740610&shp=30310797&shcp=ff37627b&idc=useast5"
"Wuahh haiii kakak keren,pintar bangettt🔥👏🏻
BUTUH TEMPLATE 🫶🏼","4","0","2025-08-30T12:36:51.000Z","moza.fdc.nns","https://www.tiktok.com/@nadaikaa/video/7538096529605709112","7261509129158738950","7544356599491379975","https://p16-common-sign-sg.tiktokcdn-us.com/tos-alisg-avt-0068/3ffd19dae38f135e6974c8d1dc999977~tplv-tiktokx-cropcenter:100:100.jpg?dr=9640&refresh_token=99555517&x-expires=1756951200&x-signature=Bme0DvQqmPehRrlgZD%2F21wM9SFA%3D&t=4d5b0474&ps=13740610&shp=30310797&shcp=ff37627b&idc=useast5"
"essay","0","0","2025-09-02T08:40:23.000Z","dizncv1","https://www.tiktok.com/@nadaikaa/video/7538096529605709112","7044682088848049179","7545408911744484103","https://p16-common-sign-useast2a.tiktokcdn-us.com/tos-useast2a-avt-0068-giso/b28baa2db1dcf22a0c29a6b569cc651c~tplv-tiktokx-cropcenter:100:100.jpg?dr=9640&refresh_token=8afb4eec&x-expires=1756951200&x-signature=rqZEGOf1rLcr7zoj2VOx%2Fi2HhgQ%3D&t=4d5b0474&ps=13740610&shp=30310797&shcp=ff37627b&idc=useast5"
"mau template essay ya kak","0","0","2025-09-02T12:15:18.000Z","ikangxox","https://www.tiktok.com/@nadaikaa/video/7538096529605709112","7000021504306021403","7545464299608785682","https://p16-common-sign-sg.tiktokcdn-us.com/tos-alisg-avt-0068/c6d7698377c396d96f87aceea3ebe914~tplv-tiktokx-cropcenter:100:100.jpg?dr=9640&refresh_token=7f43b865&x-expires=1756951200&x-signature=dNyy%2F%2B6fAXnYZeT8uzOrulphmnU%3D&t=4d5b0474&ps=13740610&shp=30310797&shcp=ff37627b&idc=useast5"
"kak mauu template essay nyaaa","0","0","2025-09-03T02:23:26.000Z","girlll18_","https://www.tiktok.com/@nadaikaa/video/7538096529605709112","7513736265121580048","7545682861081543441","https://p16-common-sign-sg.tiktokcdn-us.com/tos-alisg-avt-0068/27563628ba046b4aaae04e82f01738a1~tplv-tiktokx-cropcenter:100:100.jpg?dr=9640&refresh_token=77e9bac3&x-expires=1756951200&x-signature=8tc6XdGMjGIo6i0xMd3dzgBRWNs%3D&t=4d5b0474&ps=13740610&shp=30310797&shcp=ff37627b&idc=useast5"
"mauuu essay nyaa 😭","6","0","2025-08-30T00:45:01.000Z","zerraa.ryan","https://www.tiktok.com/@nadaikaa/video/7538096529605709112","6982834879890408450","7544173108988625671","https://p16-common-sign-va.tiktokcdn-us.com/tos-maliva-avt-0068/43559af789640495ee416a3bba39807f~tplv-tiktokx-cropcenter:100:100.jpg?dr=9640&refresh_token=031d71ef&x-expires=1756951200&x-signature=uH7oBQrRMy3c6Gi3thObytEGAgY%3D&t=4d5b0474&ps=13740610&shp=30310797&shcp=ff37627b&idc=useast5"
"mauu kaa, essay","0","0","2025-09-02T07:09:12.000Z","salmonsambalbawang","https://www.tiktok.com/@nadaikaa/video/7538096529605709112","7024407352850367490","7545385423876801298","https://p19-common-sign-sg.tiktokcdn-us.com/tos-alisg-avt-0068/dd38178e516c3cb9538a32d05071f56f~tplv-tiktokx-cropcenter:100:100.jpg?dr=9640&refresh_token=2670db10&x-expires=1756951200&x-signature=ZBCB1WhFTDK4WGu6kaci2V5SDwE%3D&t=4d5b0474&ps=13740610&shp=30310797&shcp=ff37627b&idc=useast5"
"Kakk pleasee boleh spill essay nya?😃","0","0","2025-08-31T07:26:17.000Z","jsc_ne","https://www.tiktok.com/@nadaikaa/video/7538096529605709112","6901542655542494210","7544647663887729416","https://p16-common-sign-sg.tiktokcdn-us.com/tos-alisg-avt-0068/10333095b87daf95f398118c80df3564~tplv-tiktokx-cropcenter:100:100.jpg?dr=9640&refresh_token=6aeeb869&x-expires=1756951200&x-signature=jBWcIQ80d7DISaGhUBFNIIeb7Ok%3D&t=4d5b0474&ps=13740610&shp=30310797&shcp=ff37627b&idc=useast5"
"mauu kakk 😻😻😻😻😻😻","0","0","2025-08-31T07:03:42.000Z","syaaffqah","https://www.tiktok.com/@nadaikaa/video/7538096529605709112","7072250468781409281","7544641790554882832","https://p16-common-sign-sg.tiktokcdn-us.com/tos-alisg-avt-0068/ce0a3cddffcbd4b0f59477f761761808~tplv-tiktokx-cropcenter:100:100.jpg?dr=9640&refresh_token=70be01c3&x-expires=1756951200&x-signature=mmaTVn8MkDPyGNT9HObLLuHcnPE%3D&t=4d5b0474&ps=13740610&shp=30310797&shcp=ff37627b&idc=useast5"
"kakk mau template esayy kak🥺","0","0","2025-08-31T16:23:39.000Z","nayalifa2","https://www.tiktok.com/@nadaikaa/video/7538096529605709112","7400231043117794310","7544786136934810375","https://p16-common-sign-va.tiktokcdn-us.com/tos-maliva-avt-0068/649c95b359fa19e214bf0c51e8ee94c0~tplv-tiktokx-cropcenter:100:100.jpg?dr=9640&refresh_token=3ad9a62e&x-expires=1756951200&x-signature=3rlk53UYaF5hYC9dfe4P5mJdiWc%3D&t=4d5b0474&ps=13740610&shp=30310797&shcp=ff37627b&idc=useast5"
"kakkk mauuu liat essay nya
mau tanya kak di beasiswa nya ada batas umurnya ga ya","1","0","2025-09-01T12:39:53.000Z","alankabut29.26","https://www.tiktok.com/@nadaikaa/video/7538096529605709112","7188712223202657307","7545099537158996752","https://p16-common-sign-sg.tiktokcdn-us.com/tos-alisg-avt-0068/62a3369e3bff35f8e621a185e03e5da6~tplv-tiktokx-cropcenter:100:100.jpg?dr=9640&refresh_token=963a5d00&x-expires=1756951200&x-signature=yt5XqJXJLrXcNKz5KsQh19FQKMQ%3D&t=4d5b0474&ps=13740610&shp=30310797&shcp=ff37627b&idc=useast5"
"mauuu template nya kakk","0","0","2025-08-30T01:26:25.000Z","suyevon","https://www.tiktok.com/@nadaikaa/video/7538096529605709112","6815503081721529345","7544183811094397704","https://p16-common-sign-va.tiktokcdn-us.com/tos-maliva-avt-0068/c64ec2b6c6c2c20a248f99973da5c87a~tplv-tiktokx-cropcenter:100:100.jpg?dr=9640&refresh_token=37f14c68&x-expires=1756951200&x-signature=vtAtkiQO9RbVs4jzBMwGPdUbTr0%3D&t=4d5b0474&ps=13740610&shp=30310797&shcp=ff37627b&idc=useast5"
"essay","0","0","2025-08-30T15:28:19.000Z","pumpkinmuffinsss","https://www.tiktok.com/@nadaikaa/video/7538096529605709112","6934271777855144961","7544400774697583377","https://p16-common-sign-sg.tiktokcdn-us.com/tos-alisg-avt-0068/083c1e18df2066305f9330c602fda1a8~tplv-tiktokx-cropcenter:100:100.jpg?dr=9640&refresh_token=4a01f1d3&x-expires=1756951200&x-signature=Suy1VFHBo3kovWKxRi99HXKbrqs%3D&t=4d5b0474&ps=13740610&shp=30310797&shcp=ff37627b&idc=useast5"
"mauu template essay-nya kakk","0","0","2025-08-29T03:13:51.000Z","hrjnmv33","https://www.tiktok.com/@nadaikaa/video/7538096529605709112","6900004392440660993","7543840439091266312","https://p16-common-sign-sg.tiktokcdn-us.com/tos-alisg-avt-0068/35e60508baf448e3db17f8adc25b392f~tplv-tiktokx-cropcenter:100:100.jpg?dr=9640&refresh_token=5793c6de&x-expires=1756951200&x-signature=l%2BTWyGJV0fLV3DOpSF6XqztR00A%3D&t=4d5b0474&ps=13740610&shp=30310797&shcp=ff37627b&idc=useast5"
"bagii kak","0","0","2025-08-30T14:48:02.000Z","pacarrkieyy","https://www.tiktok.com/@nadaikaa/video/7538096529605709112","6632602840739151874","7544390416499229458","https://p16-common-sign-sg.tiktokcdn-us.com/tos-alisg-avt-0068/22ec15b5a39510b69c013a0b65462c42~tplv-tiktokx-cropcenter:100:100.jpg?dr=9640&refresh_token=db435fe0&x-expires=1756951200&x-signature=keJbGNmlQrKraDVyPmDNy3lzalU%3D&t=4d5b0474&ps=13740610&shp=30310797&shcp=ff37627b&idc=useast5"
"kaaaaa spilll essay nya plissss‼️‼️✨✨✨","0","0","2025-08-30T09:38:45.000Z","arshaa29_","https://www.tiktok.com/@nadaikaa/video/7538096529605709112","6969164275915244546","7544310695278986000","https://p16-common-sign-sg.tiktokcdn-us.com/tos-alisg-avt-0068/008e56804fbad48567b993735e96ae00~tplv-tiktokx-cropcenter:100:100.jpg?dr=9640&refresh_token=8b6a25ae&x-expires=1756951200&x-signature=y6Rrps80axshAaUcPYu2Uq2w8cQ%3D&t=4d5b0474&ps=13740610&shp=30310797&shcp=ff37627b&idc=useast5"
"mau kakk","0","0","2025-08-29T12:22:42.000Z","everyonewantstobelieve","https://www.tiktok.com/@nadaikaa/video/7538096529605709112","6785112057828246530","7543981870968259346","https://p16-common-sign-sg.tiktokcdn-us.com/tos-alisg-avt-0068/304fdc99aaeab2ea4199efb504f8701b~tplv-tiktokx-cropcenter:100:100.jpg?dr=9640&refresh_token=0a9d546f&x-expires=1756951200&x-signature=vEbFJ%2Fq7OdBgiOIDFsxGARG6IyU%3D&t=4d5b0474&ps=13740610&shp=30310797&shcp=ff37627b&idc=useast5"
"mau kak","0","0","2025-08-27T11:43:27.000Z","kamsjourneys","https://www.tiktok.com/@nadaikaa/video/7538096529605709112","6850804253632676865","7543229571556082450","https://p16-common-sign-va.tiktokcdn-us.com/tos-maliva-avt-0068/1830a8849768bf74f7f68602b7b98d18~tplv-tiktokx-cropcenter:100:100.jpg?dr=9640&refresh_token=2ac99e6a&x-expires=1756951200&x-signature=U5WkxPEBseyGSbxsQEkk1ZK%2BvQ0%3D&t=4d5b0474&ps=13740610&shp=30310797&shcp=ff37627b&idc=useast5"
"mauuu template nyaa kak🤍","0","0","2025-08-30T03:31:22.000Z","lloeccie","https://www.tiktok.com/@nadaikaa/video/7538096529605709112","7012891467329553410","7544216026960216850","https://p16-common-sign-sg.tiktokcdn-us.com/tos-alisg-avt-0068/78ec89568f76a97ab95624a0af2d81fa~tplv-tiktokx-cropcenter:100:100.jpg?dr=9640&refresh_token=a15712d9&x-expires=1756951200&x-signature=n8uE2Vx6efGlPXpTf%2FGAw%2F2TQyM%3D&t=4d5b0474&ps=13740610&shp=30310797&shcp=ff37627b&idc=useast5"
"kak mau template essay nya","0","0","2025-08-31T00:09:51.000Z","123guainiguys","https://www.tiktok.com/@nadaikaa/video/7538096529605709112","6902045000298595329","7544535166870487826","https://p19-common-sign-sg.tiktokcdn-us.com/tos-alisg-avt-0068/3a1b5b1fceab19d4cb6763a20beb2787~tplv-tiktokx-cropcenter:100:100.jpg?dr=9640&refresh_token=ccad9c58&x-expires=1756951200&x-signature=tW9Ha%2FbUS9B8g90Ho3uZbI2OkGg%3D&t=4d5b0474&ps=13740610&shp=30310797&shcp=ff37627b&idc=useast5"
"Halo ka, if you dont mind boleh ga ya share soal itv yseali ini? thanks a lot ka🙏🏻","6","0","2025-08-14T19:38:44.000Z","tokkicotton","https://www.tiktok.com/@nadaikaa/video/7538096529605709112","7057573380770038786","7538527942570902290","https://p16-common-sign-va.tiktokcdn-us.com/tos-maliva-avt-0068/2d35071196c4c8d3eb2bbf1d63069822~tplv-tiktokx-cropcenter:100:100.jpg?dr=9640&refresh_token=c109a26a&x-expires=1756951200&x-signature=3oT7Y%2BBcDwA%2BOdR6aq8qZLMpntQ%3D&t=4d5b0474&ps=13740610&shp=30310797&shcp=ff37627b&idc=useast5"
"mau kak, please","0","0","2025-08-29T15:40:15.000Z","boruren","https://www.tiktok.com/@nadaikaa/video/7538096529605709112","6855856370786731010","7544032785724687122","https://p16-common-sign-useast2a.tiktokcdn-us.com/tos-useast2a-avt-0068-giso/3d432f4458db0ce1841ccc1e58ad5bec~tplv-tiktokx-cropcenter:100:100.jpg?dr=9640&refresh_token=50995530&x-expires=1756951200&x-signature=nDjaFnPqw6RfOX3GJPKOTd6Xewk%3D&t=4d5b0474&ps=13740610&shp=30310797&shcp=ff37627b&idc=useast5"
"essay","0","0","2025-09-01T02:21:10.000Z","penel0pe02","https://www.tiktok.com/@nadaikaa/video/7538096529605709112","6521219604931510273","7544940062036804353","https://p16-common-sign-va.tiktokcdn-us.com/tos-maliva-avt-0068/123f880b4cc0737e5d56045ae3218666~tplv-tiktokx-cropcenter:100:100.jpg?dr=9640&refresh_token=b68243ca&x-expires=1756951200&x-signature=TVwbYTVgX8KUrV3Xp%2B1HjAnxmJE%3D&t=4d5b0474&ps=13740610&shp=30310797&shcp=ff37627b&idc=useast5"
"ka mau tanya, kamu pake agen atau mandiri ya?","0","0","2025-08-29T11:40:27.000Z","ssal0v_3","https://www.tiktok.com/@nadaikaa/video/7538096529605709112","6880367832140874754","7543970982014403346","https://p16-common-sign-sg.tiktokcdn-us.com/tos-alisg-avt-0068/3fabf2ec24a402cfdd9715ac8941213e~tplv-tiktokx-cropcenter:100:100.jpg?dr=9640&refresh_token=869426a5&x-expires=1756951200&x-signature=U6LgVkwVgHPwYT8LnAFtgKz1YX8%3D&t=4d5b0474&ps=13740610&shp=30310797&shcp=ff37627b&idc=useast5"
"mksi ka🥰","0","0","2025-08-29T05:01:49.000Z","mutiaonmission","https://www.tiktok.com/@nadaikaa/video/7538096529605709112","6965700911574778882","7543868262916981511","https://p16-common-sign-sg.tiktokcdn-us.com/tos-alisg-avt-0068/b1a6c19520484eba5c86cd50518dd447~tplv-tiktokx-cropcenter:100:100.jpg?dr=9640&refresh_token=7f6e3ff4&x-expires=1756951200&x-signature=7SqIuosvnvXOPXSVw8XfJF1t3NA%3D&t=4d5b0474&ps=13740610&shp=30310797&shcp=ff37627b&idc=useast5"
"ya Allah mampukah lah akuu","8158","21","2025-06-03T06:16:42.000Z","zzahlim12","https://www.tiktok.com/@calandracl/video/7511007318000094520","276341502992072704","7511603138694169352","https://p16-common-sign-useast2a.tiktokcdn-us.com/tos-useast2a-avt-0068-euttp/7377007483736293409~tplv-tiktokx-cropcenter:100:100.jpg?dr=9640&refresh_token=2f7e584d&x-expires=1756951200&x-signature=h0Gp08vBe1NK7VCpZsAMu5dk714%3D&t=4d5b0474&ps=13740610&shp=30310797&shcp=ff37627b&idc=useast8"
"Lagi pusing tbtb lewat ini, apa aku juga harus nyobaa 😭","5737","21","2025-06-02T11:24:54.000Z","photographerwanita","https://www.tiktok.com/@calandracl/video/7511007318000094520","6813695666272846850","7511311476801684231","https://p16-common-sign-va.tiktokcdn-us.com/tos-maliva-avt-0068/e2ab9928cff8a605d836d7135af7142c~tplv-tiktokx-cropcenter:100:100.jpg?dr=9640&refresh_token=ffd171b7&x-expires=1756951200&x-signature=TOPz%2Fj2tn2lwWQR5Bhb3gQzojl8%3D&t=4d5b0474&ps=13740610&shp=30310797&shcp=ff37627b&idc=useast8"
"apakah ini pertanda kakk 🔥","628",,"2025-06-02T14:12:48.000Z","calandracl","https://www.tiktok.com/@calandracl/video/7511007318000094520","7480913672275477505","7511354750765220625","https://p19-common-sign-sg.tiktokcdn-us.com/tos-alisg-avt-0068/965c6d7f1a447fd807a9dc61e3b35353~tplv-tiktokx-cropcenter:100:100.jpg?dr=9640&refresh_token=67f0c355&x-expires=1756951200&x-signature=cIpPBaQRnjszrANE8gIS2%2BHDT4k%3D&t=4d5b0474&ps=13740610&shp=30310797&shcp=ff37627b&idc=useast8"
"Semoga aku segera menyusul ❤️","866","4","2025-06-02T13:23:25.000Z","lilaolshop27","https://www.tiktok.com/@calandracl/video/7511007318000094520","6571303536351838209","7511342019865510663","https://p16-common-sign-sg.tiktokcdn-us.com/tos-alisg-avt-0068/a79f6dfd93ec0c73a48d59c7c9bb3925~tplv-tiktokx-cropcenter:100:100.jpg?dr=9640&refresh_token=11e32b0f&x-expires=1756951200&x-signature=j4XZ4eCPt3Jm5UTS0ZSNiAsTwMM%3D&t=4d5b0474&ps=13740610&shp=30310797&shcp=ff37627b&idc=useast8"
"sounds like ""very soon gona happen to me""","4","0","2025-07-16T12:03:20.000Z","tumblewow","https://www.tiktok.com/@calandracl/video/7511007318000094520","7526858892446286856","7527649139057296136","https://p16-common-sign-sg.tiktokcdn-us.com/tos-alisg-avt-0068/3c4f07c29587655de22c0c2a962804dd~tplv-tiktokx-cropcenter:100:100.jpg?dr=9640&refresh_token=c8afc435&x-expires=1756951200&x-signature=cC1TnxdtiBjaJS0O2RhJRaZVXys%3D&t=4d5b0474&ps=13740610&shp=30310797&shcp=ff37627b&idc=useast8"
"Damn my dreams but ielts its f*kin hard learn bismillah july i get band 4,5 in ielts🥹","55","9","2025-06-02T13:00:44.000Z","bukancoganbro","https://www.tiktok.com/@calandracl/video/7511007318000094520","7016197214440162305","7511336175983215381","https://p19-common-sign-sg.tiktokcdn-us.com/tos-alisg-avt-0068/6282e6ec46bb7e08ec60a754c1095050~tplv-tiktokx-cropcenter:100:100.jpg?dr=9640&refresh_token=97554015&x-expires=1756951200&x-signature=puJWmN9TtQowbCS4INHd81W%2FkEk%3D&t=4d5b0474&ps=13740610&shp=30310797&shcp=ff37627b&idc=useast8"
"amin 🤲🤲 ayo pasti bisaa","3",,"2025-06-02T14:32:53.000Z","calandracl","https://www.tiktok.com/@calandracl/video/7511007318000094520","7480913672275477505","7511359912490255125","https://p19-common-sign-sg.tiktokcdn-us.com/tos-alisg-avt-0068/965c6d7f1a447fd807a9dc61e3b35353~tplv-tiktokx-cropcenter:100:100.jpg?dr=9640&refresh_token=67f0c355&x-expires=1756951200&x-signature=cIpPBaQRnjszrANE8gIS2%2BHDT4k%3D&t=4d5b0474&ps=13740610&shp=30310797&shcp=ff37627b&idc=useast8"
"Claim this energy ❤️","22","0","2025-06-03T03:53:41.000Z","dviviiiiiii","https://www.tiktok.com/@calandracl/video/7511007318000094520","7138965356282790914","7511566286955627271","https://p16-common-sign-sg.tiktokcdn-us.com/tos-alisg-avt-0068/2123ddc866016dad262bcba795970914~tplv-tiktokx-cropcenter:100:100.jpg?dr=9640&refresh_token=853b63f8&x-expires=1756951200&x-signature=zPA%2FvQujWpzQCBfWC6MBVgT5%2BQw%3D&t=4d5b0474&ps=13740610&shp=30310797&shcp=ff37627b&idc=useast8"
"My Perth 🇭🇲🫶","1","0","2025-08-26T12:41:16.000Z","rit4kem3sfl3","https://www.tiktok.com/@calandracl/video/7511007318000094520","7057709075622577154","7542872630820389649","https://p16-common-sign-sg.tiktokcdn-us.com/tos-alisg-avt-0068/40c21145d9c87dc79630240232b009f2~tplv-tiktokx-cropcenter:100:100.jpg?dr=9640&refresh_token=95279d9f&x-expires=1756951200&x-signature=xYUlTBlxcRKNhcD8PSnDe41azRQ%3D&t=4d5b0474&ps=13740610&shp=30310797&shcp=ff37627b&idc=useast8"
"kaaaakkk ini impian aku banget.. ikutttt🥹","924","4","2025-06-02T14:01:53.000Z","shasaa77","https://www.tiktok.com/@calandracl/video/7511007318000094520","6779594551491052545","7511351924849361681","https://p16-common-sign-sg.tiktokcdn-us.com/tos-alisg-avt-0068/7331920901920784405~tplv-tiktokx-cropcenter:100:100.jpg?dr=9640&refresh_token=8039e2cb&x-expires=1756951200&x-signature=SwF6mBNQRssXcZK7vxSEfXD3xr4%3D&t=4d5b0474&ps=13740610&shp=30310797&shcp=ff37627b&idc=useast8"
"@L:Not in Australia, but soon i will leave this country","2","0","2025-06-12T09:15:44.000Z","sunstrikees_","https://www.tiktok.com/@calandracl/video/7511007318000094520","7353796197872026625","7514989028526899976","https://p16-common-sign-sg.tiktokcdn-us.com/tos-alisg-avt-0068/7839de4c75f7bba8780171d0fcce0c2a~tplv-tiktokx-cropcenter:100:100.jpg?dr=9640&refresh_token=8faaf4b6&x-expires=1756951200&x-signature=tnEFgHVVvpSV5sPBJux8P5qZaP4%3D&t=4d5b0474&ps=13740610&shp=30310797&shcp=ff37627b&idc=useast8"
"nak JUGAK la","1","0","2025-09-01T01:25:33.000Z","pirbentukmanusia","https://www.tiktok.com/@calandracl/video/7511007318000094520","7303753195322590209","7544925777184506631","https://p16-common-sign-sg.tiktokcdn-us.com/tos-alisg-avt-0068/4ee45eefcdc1f86ec50e83cdce29d48a~tplv-tiktokx-cropcenter:100:100.jpg?dr=9640&refresh_token=df083f54&x-expires=1756951200&x-signature=T6tFZp7doJ5ACpqa7odyxbN2FzI%3D&t=4d5b0474&ps=13740610&shp=30310797&shcp=ff37627b&idc=useast8"
"Udh benerr kamu netap di australia banyk yg ngomong damai dan gada korup disana🤗","8","0","2025-07-24T09:41:42.000Z","meliaputri____","https://www.tiktok.com/@calandracl/video/7511007318000094520","7034119353173066754","7530581315365143304","https://p16-common-sign-sg.tiktokcdn-us.com/tos-alisg-avt-0068/ec00c1da73c4da65367c6387ca86b012~tplv-tiktokx-cropcenter:100:100.jpg?dr=9640&refresh_token=bb4e9260&x-expires=1756951200&x-signature=5Tf%2FCOeb2ZibxpKUeCpAPOOmbO4%3D&t=4d5b0474&ps=13740610&shp=30310797&shcp=ff37627b&idc=useast8"
"One day✨🥺🙏🏼","1","0","2025-07-19T22:10:57.000Z","llightcy","https://www.tiktok.com/@calandracl/video/7511007318000094520","6759199880201274370","7528918943696732936","https://p16-common-sign-sg.tiktokcdn-us.com/tos-alisg-avt-0068/323f2eacbae7770e3605015cd47afdef~tplv-tiktokx-cropcenter:100:100.jpg?dr=9640&refresh_token=507bda6d&x-expires=1756951200&x-signature=XP7DaMgt%2Bpi7mUFX0diDsOKBV6A%3D&t=4d5b0474&ps=13740610&shp=30310797&shcp=ff37627b&idc=useast8"
"KAAA IKUTT","1","0","2025-08-06T07:49:46.000Z","fafanumber1","https://www.tiktok.com/@calandracl/video/7511007318000094520","7419491353001821189","7535376558535656213","https://p16-common-sign-sg.tiktokcdn-us.com/tos-alisg-avt-0068/ccbdf577cc8dc0c47c236348ae54380f~tplv-tiktokx-cropcenter:100:100.jpg?dr=9640&refresh_token=bccbbb07&x-expires=1756951200&x-signature=JL33cxctHqFi4ZLYTgY%2FbGaCdpE%3D&t=4d5b0474&ps=13740610&shp=30310797&shcp=ff37627b&idc=useast8"
"one day Sydney","1","0","2025-06-04T12:36:15.000Z","ohny_k","https://www.tiktok.com/@calandracl/video/7511007318000094520","7303109774581154817","7512072026792821522","https://p16-common-sign-sg.tiktokcdn-us.com/tos-alisg-avt-0068/50b18227df33d7df62018dc2dc995896~tplv-tiktokx-cropcenter:100:100.jpg?dr=9640&refresh_token=5de9dfab&x-expires=1756951200&x-signature=EFEfFaROKDfecWuohp8aHqpDHos%3D&t=4d5b0474&ps=13740610&shp=30310797&shcp=ff37627b&idc=useast8"
"tunggu aku di 2027 yaa!!!","1","0","2025-08-29T06:54:31.000Z","hyugo.ow_","https://www.tiktok.com/@calandracl/video/7511007318000094520","6876647206339707906","7543897302902866695","https://p16-common-sign-va.tiktokcdn-us.com/tos-maliva-avt-0068/513a257dbb5fc6194215b2a72ade5606~tplv-tiktokx-cropcenter:100:100.jpg?dr=9640&refresh_token=6ec7ec99&x-expires=1756951200&x-signature=%2BsN39OB15Hn3q86yPCzUJF3yUNg%3D&t=4d5b0474&ps=13740610&shp=30310797&shcp=ff37627b&idc=useast8"
"take me too, find me on aussie yaAllah 🥺🤲","2","0","2025-06-06T23:29:49.000Z","ana_fahh","https://www.tiktok.com/@calandracl/video/7511007318000094520","7274106151531398149","7512982607869985544","https://p16-common-sign-va.tiktokcdn-us.com/tos-maliva-avt-0068/3e34df0f9a116560ca759c68bb0d34c1~tplv-tiktokx-cropcenter:100:100.jpg?dr=9640&refresh_token=2587f736&x-expires=1756951200&x-signature=ZY%2BLZdSgKvg7z95%2BMwh%2Bw8lKa%2B8%3D&t=4d5b0474&ps=13740610&shp=30310797&shcp=ff37627b&idc=useast8"
"pertanda bahwa aku harus log out dari indonesia😭","4","0","2025-07-28T01:20:03.000Z","ramarhssaja","https://www.tiktok.com/@calandracl/video/7511007318000094520","7231819580862186522","7531936383561302802","https://p19-common-sign-sg.tiktokcdn-us.com/tos-alisg-avt-0068/837bbd7d66abe308d3dd00e01636d406~tplv-tiktokx-cropcenter:100:100.jpg?dr=9640&refresh_token=98af33a7&x-expires=1756951200&x-signature=ToDNNhnZVAL1U91CbZGPwQ4JSnA%3D&t=4d5b0474&ps=13740610&shp=30310797&shcp=ff37627b&idc=useast8"
"Bismillah nular","1","0","2025-07-18T21:08:13.000Z","juragannwarteg","https://www.tiktok.com/@calandracl/video/7511007318000094520","7253549629022274562","7528531708120040200","https://p16-common-sign-sg.tiktokcdn-us.com/tos-alisg-avt-0068/2bf917c90af70b4dd868ab0f6a7cd2f8~tplv-tiktokx-cropcenter:100:100.jpg?dr=9640&refresh_token=48fb1536&x-expires=1756951200&x-signature=pf%2BHQq1Fsd8lpQ%2FMqzGk1HKKwaM%3D&t=4d5b0474&ps=13740610&shp=30310797&shcp=ff37627b&idc=useast8"
"@L: Not in Australia, but soon i will leave this country","2","0","2025-06-09T02:50:07.000Z","upz.vi0o3","https://www.tiktok.com/@calandracl/video/7511007318000094520","7256603897295913989","7513776428455232263","https://p16-common-sign-sg.tiktokcdn-us.com/tos-alisg-avt-0068/373e4c6072f53e11551286f353d64a18~tplv-tiktokx-cropcenter:100:100.jpg?dr=9640&refresh_token=a9d26297&x-expires=1756951200&x-signature=W4lRdiwTq%2BMljLhjzcyUBWQ1Qvk%3D&t=4d5b0474&ps=13740610&shp=30310797&shcp=ff37627b&idc=useast8"
"kak tolong ajak aku😭😭😭","1","0","2025-08-22T10:34:36.000Z","chrlltte","https://www.tiktok.com/@calandracl/video/7511007318000094520","7202176753530733595","7541356417379812103","https://p16-common-sign-sg.tiktokcdn-us.com/tos-alisg-avt-0068/59803b6ee5862303d2d2a1960a781973~tplv-tiktokx-cropcenter:100:100.jpg?dr=9640&refresh_token=7c5bfac2&x-expires=1756951200&x-signature=JR4RtNDFdyn4hLieLXNOh4QVzl4%3D&t=4d5b0474&ps=13740610&shp=30310797&shcp=ff37627b&idc=useast8"
"Pilihan tepat.","2","0","2025-07-14T06:21:57.000Z","fredy.sinaga25","https://www.tiktok.com/@calandracl/video/7511007318000094520","7091842157251134490","7526819002237371143","https://p16-common-sign-va.tiktokcdn-us.com/tos-maliva-avt-0068/189a8509638081982fb80631e680044f~tplv-tiktokx-cropcenter:100:100.jpg?dr=9640&refresh_token=71756060&x-expires=1756951200&x-signature=Rl7cO7JIGRrx1Dr%2FRa86JFjg2ng%3D&t=4d5b0474&ps=13740610&shp=30310797&shcp=ff37627b&idc=useast8"
"one day🥺","1","0","2025-06-10T11:36:40.000Z","evvveeee_","https://www.tiktok.com/@calandracl/video/7511007318000094520","7362171824417293317","7514283194503676690","https://p16-common-sign-sg.tiktokcdn-us.com/tos-alisg-avt-0068/d0bbc0fec107f6e73c2f4de9385acab8~tplv-tiktokx-cropcenter:100:100.jpg?dr=9640&refresh_token=720e5b29&x-expires=1756951200&x-signature=cd227ICywqYz4KlP3fEN4Xgs4Ts%3D&t=4d5b0474&ps=13740610&shp=30310797&shcp=ff37627b&idc=useast8"
"kak mauu","0","0","2025-09-01T12:42:50.000Z","herbal.deo","https://www.tiktok.com/@calandracl/video/7511007318000094520","7543993953345373200","7545100313088738055","https://p16-common-sign-sg.tiktokcdn-us.com/tos-alisg-avt-0068/09e50b5ef6678804712727e10b2e8827~tplv-tiktokx-cropcenter:100:100.jpg?dr=9640&refresh_token=06a7bf68&x-expires=1756951200&x-signature=32CZQf5h2cT%2Fhfz%2BulGhy5eGUjg%3D&t=4d5b0474&ps=13740610&shp=30310797&shcp=ff37627b&idc=useast8"
"nularr kaa😍","1","0","2025-06-29T13:34:25.000Z","rinupdate","https://www.tiktok.com/@calandracl/video/7511007318000094520","7427601130953540614","7521364158979310344","https://p19-common-sign-sg.tiktokcdn-us.com/tos-alisg-avt-0068/42eeee6fc0467fc869c84ba3af5d3126~tplv-tiktokx-cropcenter:100:100.jpg?dr=9640&refresh_token=6cc87275&x-expires=1756951200&x-signature=scLAfPauULrYKrLvVt%2BMGkO%2BrT8%3D&t=4d5b0474&ps=13740610&shp=30310797&shcp=ff37627b&idc=useast8"
"one day, aamiin ya Allah🥺","16","0","2025-06-07T18:48:46.000Z","patrickanadaa","https://www.tiktok.com/@calandracl/video/7511007318000094520","6998236574883824666","7513281245029581589","https://p16-common-sign-sg.tiktokcdn-us.com/tos-alisg-avt-0068/f0daf004f98cc35ee0fd455a1714f4d0~tplv-tiktokx-cropcenter:100:100.jpg?dr=9640&refresh_token=a53bd28c&x-expires=1756951200&x-signature=nGZ3sRQwCx4MtM%2B6Ny%2FWao0Om0E%3D&t=4d5b0474&ps=13740610&shp=30310797&shcp=ff37627b&idc=useast8"
"Ajak gueeeee😭🙏🏻","2","0","2025-07-17T05:48:18.000Z","911.253","https://www.tiktok.com/@calandracl/video/7511007318000094520","7149856213667644418","7527923576574640903","https://p16-common-sign-sg.tiktokcdn-us.com/tos-alisg-avt-0068/a8136d5d7a60893a151c0b0575a68ff5~tplv-tiktokx-cropcenter:100:100.jpg?dr=9640&refresh_token=758eb557&x-expires=1756951200&x-signature=iN%2F%2B7aUn4WIdqNjzdUNTFO621j4%3D&t=4d5b0474&ps=13740610&shp=30310797&shcp=ff37627b&idc=useast8"
"InsyaAllah suatu saat","3","0","2025-06-09T14:49:33.000Z","luumbaluumba","https://www.tiktok.com/@calandracl/video/7511007318000094520","6793213808745841665","7513961810329469713","https://p16-common-sign-useast2a.tiktokcdn-us.com/tos-useast2a-avt-0068-giso/aa3f377d6b622f741e79f6e950e55003~tplv-tiktokx-cropcenter:100:100.jpg?dr=9640&refresh_token=f4ef1b15&x-expires=1756951200&x-signature=i0QEfN3H8uyDfiQ1MS5h0I61ZEA%3D&t=4d5b0474&ps=13740610&shp=30310797&shcp=ff37627b&idc=useast8"
"kak ajak aku","1","0","2025-07-17T06:11:41.000Z","rhmass12","https://www.tiktok.com/@calandracl/video/7511007318000094520","6992955580471100418","7527929601113408263","https://p16-common-sign-sg.tiktokcdn-us.com/tos-alisg-avt-0068/64a5f9a93f86b770581f68eb770005b1~tplv-tiktokx-cropcenter:100:100.jpg?dr=9640&refresh_token=75edf856&x-expires=1756951200&x-signature=L%2BC4M96Ag6qXeyl2nyPLXMyHnhw%3D&t=4d5b0474&ps=13740610&shp=30310797&shcp=ff37627b&idc=useast8"
"orang-orang dii Australia sangat ramah dan welcome sama kita, btw aku pake hijab dan aman-aman aja Alhamdulillah semua orang pada baik☺️","1","0","2025-08-19T09:00:29.000Z","violetnightmoon","https://www.tiktok.com/@calandracl/video/7511007318000094520","7162935054262404123","7540218884672242449","https://p16-common-sign-sg.tiktokcdn-us.com/tos-alisg-avt-0068/971d8a4ee9baa93e4937d0255b64ebfa~tplv-tiktokx-cropcenter:100:100.jpg?dr=9640&refresh_token=1807f460&x-expires=1756951200&x-signature=dYK79AJofh20GFgo50rY80rEoes%3D&t=4d5b0474&ps=13740610&shp=30310797&shcp=ff37627b&idc=useast8"
"MAUUU JUGAA","1","0","2025-06-03T14:29:56.000Z","ndhiiaa","https://www.tiktok.com/@calandracl/video/7511007318000094520","6846180343389881346","7511730246439453447","https://p16-common-sign-sg.tiktokcdn-us.com/tos-alisg-avt-0068/9e60beaa29ee26e1c34a3b65a15503b7~tplv-tiktokx-cropcenter:100:100.jpg?dr=9640&refresh_token=1cf4eda8&x-expires=1756951200&x-signature=ro%2FAvFcmuBmUhgJ1ah%2BAStr0mWk%3D&t=4d5b0474&ps=13740610&shp=30310797&shcp=ff37627b&idc=useast5"
"IKUUTTTT 💔😭","1","0","2025-06-08T02:18:09.000Z","zzyx.n_5","https://www.tiktok.com/@calandracl/video/7511007318000094520","7195524493354337307","7513397087213257490","https://p16-common-sign-va.tiktokcdn-us.com/tos-maliva-avt-0068/616752763648f88d3a9a1c9285fa6217~tplv-tiktokx-cropcenter:100:100.jpg?dr=9640&refresh_token=a658bae8&x-expires=1756951200&x-signature=fsBo6ONCUzqx1S01AccGNS%2BJoZY%3D&t=4d5b0474&ps=13740610&shp=30310797&shcp=ff37627b&idc=useast5"
"kak ikut","1","0","2025-06-06T19:08:25.000Z","rawlbeee","https://www.tiktok.com/@calandracl/video/7511007318000094520","6987692425590588442","7512915239895548680","https://p16-common-sign-sg.tiktokcdn-us.com/tos-alisg-avt-0068/b1809eb67e78ce83546d67a8d4724c36~tplv-tiktokx-cropcenter:100:100.jpg?dr=9640&refresh_token=d717232c&x-expires=1756951200&x-signature=25pJlTdvYFgXecwoxM7SPhP2Gr4%3D&t=4d5b0474&ps=13740610&shp=30310797&shcp=ff37627b&idc=useast5"
"KA,,IKUT! 🙋🙋","1","0","2025-06-08T13:46:14.000Z","sasila0_0","https://www.tiktok.com/@calandracl/video/7511007318000094520","7316680810186490885","7513574415008170770","https://p16-common-sign-sg.tiktokcdn-us.com/tos-alisg-avt-0068/00002d7dae4eb538b22949594b6cbdd0~tplv-tiktokx-cropcenter:100:100.jpg?dr=9640&refresh_token=b47e5f7a&x-expires=1756951200&x-signature=tujrCgLk%2BLmamomubnR02orjSEE%3D&t=4d5b0474&ps=13740610&shp=30310797&shcp=ff37627b&idc=useast5"
"ajak aku kak 😔","2","0","2025-06-10T11:18:28.000Z","ungoktav_","https://www.tiktok.com/@calandracl/video/7511007318000094520","7064103788559729690","7514278497906754311","https://p16-common-sign-sg.tiktokcdn-us.com/tos-alisg-avt-0068/634af8b8e10c69bfe36f2a9caa5e9e45~tplv-tiktokx-cropcenter:100:100.jpg?dr=9640&refresh_token=a76e3eee&x-expires=1756951200&x-signature=79iBil6C%2BmiqHOQJ55OZzql%2BTFg%3D&t=4d5b0474&ps=13740610&shp=30310797&shcp=ff37627b&idc=useast5"
"Mau templatenya kak","0","0","2025-08-31T09:27:28.000Z","reijournei","https://www.tiktok.com/@nadaikaa/video/7538096529605709112","7414588635939275781","7544678879367512839","https://p19-common-sign-va.tiktokcdn-us.com/tos-maliva-avt-0068/367ec8eda2dd7c8ed7559e836b1e9132~tplv-tiktokx-cropcenter:100:100.jpg?dr=9640&refresh_token=53e6295a&x-expires=1756951200&x-signature=Ywbhtz5aheoAbhQqDX9aJo4gfwA%3D&t=4d5b0474&ps=13740610&shp=30310797&shcp=ff37627b&idc=useast5"
"mau kakkk","0","0","2025-08-30T19:05:26.000Z","muhammadkhoirulik5","https://www.tiktok.com/@nadaikaa/video/7538096529605709112","7000579319253353498","7544456734954472213","https://p16-common-sign-va.tiktokcdn-us.com/tos-maliva-avt-0068/7281064957083385862~tplv-tiktokx-cropcenter:100:100.jpg?dr=9640&refresh_token=01f7c753&x-expires=1756951200&x-signature=QeKgNtOEyGESnVBkxXM46bzii%2BM%3D&t=4d5b0474&ps=13740610&shp=30310797&shcp=ff37627b&idc=useast5"
"mau kakk","0","0","2025-08-30T23:04:03.000Z","cliperr026","https://www.tiktok.com/@nadaikaa/video/7538096529605709112","7536962181649433620","7544518199988077320","https://p16-common-sign-sg.tiktokcdn-us.com/tos-alisg-avt-0068/81ccb3e6e29e5527d1608781c9726aad~tplv-tiktokx-cropcenter:100:100.jpg?dr=9640&refresh_token=4d679ea6&x-expires=1756951200&x-signature=RsQ6vE%2FsMNOa%2BvJY2BM1TltoBMY%3D&t=4d5b0474&ps=13740610&shp=30310797&shcp=ff37627b&idc=useast5"
"beasiswa apa kakk?🤩 ditunggu vid selanjutnyaa kka","3","0","2025-08-14T02:41:37.000Z","rayaairly","https://www.tiktok.com/@nadaikaa/video/7538096529605709112","6898228607736267777","7538265849170248455","https://p16-common-sign-va.tiktokcdn-us.com/tos-maliva-avt-0068/26692c0bf201d66e315979851f5858ea~tplv-tiktokx-cropcenter:100:100.jpg?dr=9640&refresh_token=2261a4b5&x-expires=1756951200&x-signature=QdYyO9B3V%2FEHLTbZpEkTvLPW%2B5s%3D&t=4d5b0474&ps=13740610&shp=30310797&shcp=ff37627b&idc=useast5"
"halo kaa, mau template essaynyaa, thankyouu 💗","0","0","2025-08-25T06:00:05.000Z","noonalavie","https://www.tiktok.com/@nadaikaa/video/7538096529605709112","6893643574479471617","7542398927204320007","https://p16-common-sign-va.tiktokcdn-us.com/tos-maliva-avt-0068/d2a1ad788cee869ed6005c30facda982~tplv-tiktokx-cropcenter:100:100.jpg?dr=9640&refresh_token=40305bcb&x-expires=1756951200&x-signature=NbALbYsQBtKa8K2hIykeyker2R4%3D&t=4d5b0474&ps=13740610&shp=30310797&shcp=ff37627b&idc=useast5"
"kak butuh Serfikat IELTS nya gak buat dapetin beasiswanya?","0","0","2025-08-23T04:46:24.000Z","chocolatosss_28","https://www.tiktok.com/@nadaikaa/video/7538096529605709112","7134678497762542618","7541637767026770706","https://p16-common-sign-sg.tiktokcdn-us.com/tos-alisg-avt-0068/1f41b2386b9b6509f790f9cb46cf084f~tplv-tiktokx-cropcenter:100:100.jpg?dr=9640&refresh_token=50b91015&x-expires=1756951200&x-signature=pFx9I9hKzOoY6q9Nr5mZSf5h6lQ%3D&t=4d5b0474&ps=13740610&shp=30310797&shcp=ff37627b&idc=useast5"
"kak pleaseee tampletnya🙏🙏","0","0","2025-08-14T04:02:10.000Z","agustinusryousiga5","https://www.tiktok.com/@nadaikaa/video/7538096529605709112","7487249629064299528","7538286610942346002","https://p16-common-sign-sg.tiktokcdn-us.com/tos-alisg-avt-0068/f3a3ecba34087ad1339d5057843578ce~tplv-tiktokx-cropcenter:100:100.jpg?dr=9640&refresh_token=6813c3b6&x-expires=1756951200&x-signature=H36CfGpjC6q%2Be8A0atoEF1%2Bbce0%3D&t=4d5b0474&ps=13740610&shp=30310797&shcp=ff37627b&idc=useast5"
"essay","0","0","2025-08-28T00:07:52.000Z","maichiru_0","https://www.tiktok.com/@nadaikaa/video/7538096529605709112","6839344031764513793","7543421372418425618","https://p16-common-sign-sg.tiktokcdn-us.com/tos-alisg-avt-0068/f8ae3967fb549e496e03024882de6c2e~tplv-tiktokx-cropcenter:100:100.jpg?dr=9640&refresh_token=ab1dbb2f&x-expires=1756951200&x-signature=m6KxO89aPl8B77tbYh2v5nxjeKk%3D&t=4d5b0474&ps=13740610&shp=30310797&shcp=ff37627b&idc=useast5"
"Mauuuu kakakkk 😭😭😭","0","0","2025-08-25T08:38:48.000Z","lovely_queen124","https://www.tiktok.com/@nadaikaa/video/7538096529605709112","7424793498585154566","7542439834473005832","https://p16-common-sign-sg.tiktokcdn-us.com/tos-alisg-avt-0068/bbd84d6b04e769fe387d6848bbe9b8d7~tplv-tiktokx-cropcenter:100:100.jpg?dr=9640&refresh_token=6f45778e&x-expires=1756951200&x-signature=TxL93rSB0FWN4R5YTNwh3JRL2Xo%3D&t=4d5b0474&ps=13740610&shp=30310797&shcp=ff37627b&idc=useast5"
"Mau kaaa templatenya","0","0","2025-08-25T00:47:28.000Z","zkry_alfalh","https://www.tiktok.com/@nadaikaa/video/7538096529605709112","6948812128876217345","7542318341185520400","https://p16-common-sign-sg.tiktokcdn-us.com/tos-alisg-avt-0068/bb63a56aa4bd698428f4bf52fc0f9e9a~tplv-tiktokx-cropcenter:100:100.jpg?dr=9640&refresh_token=ac01808d&x-expires=1756951200&x-signature=IWsf6%2BfCxz8XIV%2BBsEWgty7bI3o%3D&t=4d5b0474&ps=13740610&shp=30310797&shcp=ff37627b&idc=useast5"
"Aq udah muak di Singapore 🥺Pengen ke Australia bgt Cara bikin visa study gmn ka","3","2","2025-07-17T11:03:49.000Z","aya71607","https://www.tiktok.com/@calandracl/video/7511007318000094520","7513142049253508104","7528004895300010760","https://p16-sign-sg.tiktokcdn.com/tos-alisg-avt-0068/7bfe201bb36878ecf52f55646f5f1f53~tplv-tiktokx-cropcenter:100:100.jpg?dr=10399&refresh_token=fbeb150a&x-expires=1756951200&x-signature=DU8DSP5Flt55krjHJY68uFy00gY%3D&t=4d5b0474&ps=13740610&shp=30310797&shcp=ff37627b&idc=no1a"
"KEINGINAN AKU GEDE. TAPI UMURKU UDAH 33. APA BISAAA 😭😭😭😭😭","4","13","2025-07-27T07:21:42.000Z","sugawife778","https://www.tiktok.com/@calandracl/video/7511007318000094520","7308678172790408197","7531658483915014930","https://p16-sign-sg.tiktokcdn.com/tos-alisg-avt-0068/2a8c4cac086c10d74b5b3a00eece84e9~tplv-tiktokx-cropcenter:100:100.jpg?dr=10399&refresh_token=6d32be82&x-expires=1756951200&x-signature=v7ZP7VomILEyaajxY780bzX014A%3D&t=4d5b0474&ps=13740610&shp=30310797&shcp=ff37627b&idc=no1a"
"Saya diperth tapi kok g pernah ktmu ya kak😭","1","1","2025-06-05T05:40:17.000Z","jmshunt","https://www.tiktok.com/@calandracl/video/7511007318000094520","6831137305706021890","7512335916561711879","https://p16-sign-sg.tiktokcdn.com/tos-alisg-avt-0068/5c512ea1c5aa60dc75c4d21be2c7f9d9~tplv-tiktokx-cropcenter:100:100.jpg?dr=10399&refresh_token=bdba0f62&x-expires=1756951200&x-signature=HGKAcjRJJzyunW0KHYq4kpFRtEU%3D&t=4d5b0474&ps=13740610&shp=30310797&shcp=ff37627b&idc=no1a"
"apa aja yang harus di persiapkan Kak🥹","4","2","2025-08-13T07:56:55.000Z","popeyeponsel5","https://www.tiktok.com/@calandracl/video/7511007318000094520","7437358569328133176","7537813103833809682","https://p16-sign-sg.tiktokcdn.com/tos-alisg-avt-0068/dd313ec29b3856acd7d692c97b7ad615~tplv-tiktokx-cropcenter:100:100.jpg?dr=10399&refresh_token=efd0993a&x-expires=1756951200&x-signature=Acow%2FNGoVI3ytzbUlqnIZtmbF4Y%3D&t=4d5b0474&ps=13740610&shp=30310797&shcp=ff37627b&idc=no1a"
"Jujur aku dari kuliah pengen pindah wn, setelah kerja punya banyak kenalan orang yang punya pangkat di Indo malah jadi makin yakin buat pindah wn atau setidaknya menetap lama untuk mencari uang dan pulang di hari tua ke Indo. Sebobrok itu Indo serius kalau kalian tau permainan mereka mereka itu bikin emosi bikin sakit hati 🥹","6","1","2025-06-09T15:45:30.000Z","jeff_hadid","https://www.tiktok.com/@calandracl/video/7511007318000094520","6963510147327263746","7513976220804809490","https://p16-sign-va.tiktokcdn.com/tos-maliva-avt-0068/49e74aa2293e725930cbeaff554119f7~tplv-tiktokx-cropcenter:100:100.jpg?dr=10399&refresh_token=588960ae&x-expires=1756951200&x-signature=GPPVXkxMOotm3SFGm5S9nkgBKi4%3D&t=4d5b0474&ps=13740610&shp=30310797&shcp=ff37627b&idc=no1a"
"kak untuk kerja disana apa saya ya yang di butuhkan,ke betulan teteh saya udah menetap di sana saya juga setelah lulus sekolah juga mau kesana","3","8","2025-07-09T15:03:55.000Z","shadaf207","https://www.tiktok.com/@calandracl/video/7511007318000094520","7175569328501965850","7525098076361802503","https://p16-sign-sg.tiktokcdn.com/tos-alisg-avt-0068/d0a15d0164c1ba64555299fad93e9284~tplv-tiktokx-cropcenter:100:100.jpg?dr=10399&refresh_token=251dce0c&x-expires=1756951200&x-signature=bvlzgnjBbYO%2FqfVZ25%2F6RWaGmcM%3D&t=4d5b0474&ps=13740610&shp=30310797&shcp=ff37627b&idc=no1a"
"kak kalo hijab an di rasis in gak ka🥺","5","10","2025-06-06T04:50:59.000Z","thedeys","https://www.tiktok.com/@calandracl/video/7511007318000094520","6853879966188454913","7512694291560891137","https://p16-common-sign-useastred.tiktokcdn-eu.com/tos-useast2a-avt-0068-giso/19817e4552773952d266c46d1dc8f495~tplv-tiktokx-cropcenter:100:100.jpg?dr=10399&refresh_token=78f46f4c&x-expires=1756951200&x-signature=BTrRIYa5rngTc3W%2FWXeRbOdLzxY%3D&t=4d5b0474&ps=13740610&shp=30310797&shcp=ff37627b&idc=no1a"
"ikut, ak juga mau","2","0","2025-06-19T06:08:41.000Z","sllepyy2","https://www.tiktok.com/@calandracl/video/7511007318000094520","7411473232979624966","7517538423344923400","https://p16-sign-sg.tiktokcdn.com/tos-alisg-avt-0068/8b3c3e470da036ce6494874e8132a079~tplv-tiktokx-cropcenter:100:100.jpg?dr=10399&refresh_token=af2cc4a8&x-expires=1756951200&x-signature=MQVOIxd0hyjpBobQrBnx1%2Fq61EM%3D&t=4d5b0474&ps=13740610&shp=30310797&shcp=ff37627b&idc=no1a"
"Ya Allah, berikan aku pekerjaan ke jepang atau eropa Aamiin🤲😭","21","1","2025-06-09T11:34:38.000Z","branz_kent","https://www.tiktok.com/@calandracl/video/7511007318000094520","6710711425071629313","7513911569186865937","https://p16-sign-va.tiktokcdn.com/tos-maliva-avt-0068/06f9eb1fe8d3b311678748c784f64b5b~tplv-tiktokx-cropcenter:100:100.jpg?dr=10399&refresh_token=3654b005&x-expires=1756951200&x-signature=5oQWIpoAVjziRApzhqGnhnySPC0%3D&t=4d5b0474&ps=13740610&shp=30310797&shcp=ff37627b&idc=no1a"
"aminn❣️","60",,"2025-06-02T14:14:07.000Z","calandracl","https://www.tiktok.com/@calandracl/video/7511007318000094520","7480913672275477505","7511355086410072852","https://p16-sign-sg.tiktokcdn.com/tos-alisg-avt-0068/965c6d7f1a447fd807a9dc61e3b35353~tplv-tiktokx-cropcenter:100:100.jpg?dr=10399&refresh_token=298a2dfb&x-expires=1756951200&x-signature=IoW9bZVPkzERADpcjYGEDBLpp8c%3D&t=4d5b0474&ps=13740610&shp=30310797&shcp=ff37627b&idc=no1a"
"info2 kak mauuu ikuutt","17","6","2025-06-01T15:57:16.000Z","hellocapricornhere","https://www.tiktok.com/@calandracl/video/7511007318000094520","6814697915207664642","7511010590224679698","https://p16-sign-va.tiktokcdn.com/tos-maliva-avt-0068/75db52553ff24717f249b0f2699b6b15~tplv-tiktokx-cropcenter:100:100.jpg?dr=10399&refresh_token=f3fa721a&x-expires=1756951200&x-signature=leu1SPSIi8%2BYBGurzyA%2BOYYHQpE%3D&t=4d5b0474&ps=13740610&shp=30310797&shcp=ff37627b&idc=no1a"
"mari kita tinggalkan saja negara prindapan ini 🥰","68",,"2025-06-01T16:27:17.000Z","calandracl","https://www.tiktok.com/@calandracl/video/7511007318000094520","7480913672275477505","7511018296030167826","https://p16-sign-sg.tiktokcdn.com/tos-alisg-avt-0068/965c6d7f1a447fd807a9dc61e3b35353~tplv-tiktokx-cropcenter:100:100.jpg?dr=10399&refresh_token=298a2dfb&x-expires=1756951200&x-signature=IoW9bZVPkzERADpcjYGEDBLpp8c%3D&t=4d5b0474&ps=13740610&shp=30310797&shcp=ff37627b&idc=no1a"
"Kak blajar bhs inggris dmna? Serius nanyaa plis jng jokes, slnya inggrisnya msih kurengg🥹","2","1","2025-06-10T11:28:32.000Z","firaayusuf","https://www.tiktok.com/@calandracl/video/7511007318000094520","6865277163324294146","7514281099578262290","https://p16-sign-sg.tiktokcdn.com/tos-alisg-avt-0068/ef1b06eb3875c82fcb25f74ee0e381ad~tplv-tiktokx-cropcenter:100:100.jpg?dr=10399&refresh_token=f07a538b&x-expires=1756951200&x-signature=nJa0VUSt33Uw681Wp6hoycXFeNM%3D&t=4d5b0474&ps=13740610&shp=30310797&shcp=ff37627b&idc=no1a"
"KAK?! IKUT GMAU TAUK","4","0","2025-06-05T06:56:45.000Z","ky0o14","https://www.tiktok.com/@calandracl/video/7511007318000094520","7015434006138291201","7512355623376798485","https://p16-sign-va.tiktokcdn.com/tos-maliva-avt-0068/51131411c5c8b6710e42d609bf7a4333~tplv-tiktokx-cropcenter:100:100.jpg?dr=10399&refresh_token=f513f44d&x-expires=1756951200&x-signature=yGG0n6vjI4zQb1FSQPoDvBYfJio%3D&t=4d5b0474&ps=13740610&shp=30310797&shcp=ff37627b&idc=no1a"
"aku gak bisa bahasa Inggris 🙃","3","1","2025-07-27T07:16:30.000Z","biladistii","https://www.tiktok.com/@calandracl/video/7511007318000094520","6748256767627854849","7531657117394305808","https://p16-sign-sg.tiktokcdn.com/tos-alisg-avt-0068/e853eff0a89c8fad7fdcbb62b947ac9a~tplv-tiktokx-cropcenter:100:100.jpg?dr=10399&refresh_token=588f8d87&x-expires=1756951200&x-signature=4l4dAo%2F2fGCBhBIybiwXnFDb15U%3D&t=4d5b0474&ps=13740610&shp=30310797&shcp=ff37627b&idc=no1a"
"perlahan kk, terus yang terutama jangan berkata seperti itu, aku yakin bisa, dengan terus belajar","5",,"2025-07-27T12:29:18.000Z","bintehawwa060gmail.com","https://www.tiktok.com/@calandracl/video/7511007318000094520","6976542788457120769","7531737775423865607","https://p16-sign-sg.tiktokcdn.com/tos-alisg-avt-0068/7325272090502758407~tplv-tiktokx-cropcenter:100:100.jpg?dr=10399&refresh_token=b877cd92&x-expires=1756951200&x-signature=fM2nDgGlbb2uceb3Xw88S0cJ3kg%3D&t=4d5b0474&ps=13740610&shp=30310797&shcp=ff37627b&idc=no1a"
"oh one day aamiin","2","0","2025-06-13T13:52:57.000Z","araachan_2","https://www.tiktok.com/@calandracl/video/7511007318000094520","6853314972706833410","7515431567289615111","https://p16-sign-sg.tiktokcdn.com/tos-alisg-avt-0068/1da80a18500c4df9586f86fd58a14bd9~tplv-tiktokx-cropcenter:100:100.jpg?dr=10399&refresh_token=d71f0fc3&x-expires=1756951200&x-signature=z4vCOAn1XpKrAPhu02deRh%2BwjcM%3D&t=4d5b0474&ps=13740610&shp=30310797&shcp=ff37627b&idc=no1a"
"@L:Not in Australia, but soon i will leave this country","1","0","2025-06-05T05:41:08.000Z","sunstrikees_","https://www.tiktok.com/@calandracl/video/7511007318000094520","7353796197872026625","7512336121130861330","https://p16-sign-sg.tiktokcdn.com/tos-alisg-avt-0068/7839de4c75f7bba8780171d0fcce0c2a~tplv-tiktokx-cropcenter:100:100.jpg?dr=10399&refresh_token=94fce8da&x-expires=1756951200&x-signature=fQAADx4bZPEQ%2Br%2BOl6qHQq%2B3nD8%3D&t=4d5b0474&ps=13740610&shp=30310797&shcp=ff37627b&idc=no1a"
"mbakkk ikooot 😩","5","0","2025-06-03T12:53:53.000Z",".mamamialezatoss","https://www.tiktok.com/@calandracl/video/7511007318000094520","7456760569502319621","7511705492046906130","https://p16-sign-sg.tiktokcdn.com/tos-alisg-avt-0068/7f1517e5ad2ec249228e52a1348f2121~tplv-tiktokx-cropcenter:100:100.jpg?dr=10399&refresh_token=b859421e&x-expires=1756951200&x-signature=OToE%2Bsbvmv8DZ2XCA7prhJ%2F7QrM%3D&t=4d5b0474&ps=13740610&shp=30310797&shcp=ff37627b&idc=no1a"
"semoga tahun depan aku nyusul🙏","3","0","2025-08-02T13:43:09.000Z","cegilnyaronyy5","https://www.tiktok.com/@calandracl/video/7511007318000094520","7505432922116523009","7533983295315985168","https://p16-sign-sg.tiktokcdn.com/tos-alisg-avt-0068/99460d2a27b9792d016f7f12a50939af~tplv-tiktokx-cropcenter:100:100.jpg?dr=10399&refresh_token=774b79ee&x-expires=1756951200&x-signature=L7itUDdyfzLKqjC1Eg7zZ5ffZZk%3D&t=4d5b0474&ps=13740610&shp=30310797&shcp=ff37627b&idc=no1a"
"Ya Allah izinkan aku juga tinggal disana","9","0","2025-06-08T07:44:47.000Z","aprlnwnd","https://www.tiktok.com/@calandracl/video/7511007318000094520","6819557559264773121","7513481256173650705","https://p16-sign-sg.tiktokcdn.com/tos-alisg-avt-0068/c5161cf2ee5b8e7d3f61e512f97df241~tplv-tiktokx-cropcenter:100:100.jpg?dr=10399&refresh_token=25405a14&x-expires=1756951200&x-signature=x2egFcbbyXLvRC%2FL5qYp3GMgW6s%3D&t=4d5b0474&ps=13740610&shp=30310797&shcp=ff37627b&idc=no1a"
"one day, aamiin yaallah🥺","2","0","2025-07-03T10:49:42.000Z","_jesicccaaa","https://www.tiktok.com/@calandracl/video/7511007318000094520","6860770482943607814","7522806064945939207","https://p16-sign-sg.tiktokcdn.com/tos-alisg-avt-0068/f9acd7b1f4cd52e214216ba1addb00f5~tplv-tiktokx-cropcenter:100:100.jpg?dr=10399&refresh_token=f9ebce9d&x-expires=1756951200&x-signature=OD%2BM1%2B1XJ%2F%2FNZf%2FdI0yPoptrQZc%3D&t=4d5b0474&ps=13740610&shp=30310797&shcp=ff37627b&idc=no1a"
"manifesting claim this energy 😇","389","1","2025-01-23T03:33:32.000Z","markaseplee","https://www.tiktok.com/@aisyahrendusara/video/7462784973918047506","7134242699033822235","7462948876568691464","https://p16-common-sign-sg.tiktokcdn-us.com/tos-alisg-avt-0068/6a1871fe9aa578e684714fbe0b5bba8e~tplv-tiktokx-cropcenter:100:100.jpg?dr=9640&refresh_token=c5c5c7f1&x-expires=1756951200&x-signature=8kDYVrO8o9kbWBGmUO4uQcSl9Gk%3D&t=4d5b0474&ps=13740610&shp=30310797&shcp=ff37627b&idc=useast5"
"jangan delete this is inspiring","4","0","2025-04-07T14:56:37.000Z","johnjjmaybank","https://www.tiktok.com/@aisyahrendusara/video/7462784973918047506","6782525396070417409","7490585256861385490","https://p16-common-sign-sg.tiktokcdn-us.com/tos-alisg-avt-0068/01727051a5a55cc7ee704749279da31e~tplv-tiktokx-cropcenter:100:100.jpg?dr=9640&refresh_token=846cd323&x-expires=1756951200&x-signature=mUe1aEKdTsFg4QdH%2B%2FVOSC5i9kM%3D&t=4d5b0474&ps=13740610&shp=30310797&shcp=ff37627b&idc=useast5"
"Kerennn you have have to survive you have to achieve your dream your goal","33","1","2025-01-23T06:11:08.000Z","gresiaeldina","https://www.tiktok.com/@aisyahrendusara/video/7462784973918047506","6652883660691423234","7462989469320004360","https://p16-common-sign-sg.tiktokcdn-us.com/tos-alisg-avt-0068/9ea391dcb9b2060e76309d763828b2d3~tplv-tiktokx-cropcenter:100:100.jpg?dr=9640&refresh_token=14e57907&x-expires=1756951200&x-signature=TxSA5vhTwKZPLQxtoJsfgHsVQfQ%3D&t=4d5b0474&ps=13740610&shp=30310797&shcp=ff37627b&idc=useast5"
"i’ve been overwhelmed for preparing my ielts, liat video ini lgsg bangun dr kasur. thank you kak, wish me luck for my undergraduate application!","291","2","2025-01-23T12:48:04.000Z","raskuiiiii","https://www.tiktok.com/@aisyahrendusara/video/7462784973918047506","6771291271091241986","7463091785365406471","https://p19-common-sign-va.tiktokcdn-us.com/tos-maliva-avt-0068/94faf3f07c1e1f561add9d65d468ac87~tplv-tiktokx-cropcenter:100:100.jpg?dr=9640&refresh_token=8a847c54&x-expires=1756951200&x-signature=3hbtneOv2g4vrHi22m3E9poY4%2BY%3D&t=4d5b0474&ps=13740610&shp=30310797&shcp=ff37627b&idc=useast5"
"Allahummabarik 💞💞 may i have this energy","5","0","2025-04-16T11:48:48.000Z","dxywqz","https://www.tiktok.com/@aisyahrendusara/video/7462784973918047506","6805078034355766273","7493876601161286408","https://p19-common-sign-sg.tiktokcdn-us.com/tos-alisg-avt-0068/b7f378737a1bed3545a8391bf99b27f2~tplv-tiktokx-cropcenter:100:100.jpg?dr=9640&refresh_token=7d4c6f4c&x-expires=1756951200&x-signature=88u%2BzsauOzP4UU76FLsoerG1KiY%3D&t=4d5b0474&ps=13740610&shp=30310797&shcp=ff37627b&idc=useast5"
"but god why this is so hard","70","2","2025-01-23T09:54:32.000Z","akubambi","https://www.tiktok.com/@aisyahrendusara/video/7462784973918047506","6794235989553792001","7463047072506954504","https://p16-common-sign-sg.tiktokcdn-us.com/tos-alisg-avt-0068/6fe912f0d59ca2f0b4efd7506302b348~tplv-tiktokx-cropcenter:100:100.jpg?dr=9640&refresh_token=263dbdc6&x-expires=1756951200&x-signature=zWDxvSV8xf0dmEa2V6%2BGkZFrIh8%3D&t=4d5b0474&ps=13740610&shp=30310797&shcp=ff37627b&idc=useast5"
"because it is all worth evwry struggles. hang in there 🤛🏼","34",,"2025-01-23T10:12:39.000Z","aisyahrendusara","https://www.tiktok.com/@aisyahrendusara/video/7462784973918047506","6805854790821725186","7463051761528980225","https://p16-common-sign-sg.tiktokcdn-us.com/tos-alisg-avt-0068/1cba6b3b053c06471a6d1aa9d9e7df51~tplv-tiktokx-cropcenter:100:100.jpg?dr=9640&refresh_token=42c06608&x-expires=1756951200&x-signature=Im0%2BZKz5s1W09Eq3aX08DYsj0uU%3D&t=4d5b0474&ps=13740610&shp=30310797&shcp=ff37627b&idc=useast5"
"iyaa yaa, ak ga pernah bayangin bisa kuliah di ITS, in a such big university,the facility, the opportunity, meeting many people, such a blessing🥺","29","1","2025-01-24T12:01:38.000Z","amoebilz","https://www.tiktok.com/@aisyahrendusara/video/7462784973918047506","6767591074636448770","7463450870371812114","https://p16-common-sign-sg.tiktokcdn-us.com/tos-alisg-avt-0068/78c4e13f72c1ab4d1fbe42e874d34b87~tplv-tiktokx-cropcenter:100:100.jpg?dr=9640&refresh_token=a76fe080&x-expires=1756951200&x-signature=fztjifoI%2BvHGeMnzg1lLz7mq1f4%3D&t=4d5b0474&ps=13740610&shp=30310797&shcp=ff37627b&idc=useast5"
"you did so great! keep it up ✨","1",,"2025-01-24T12:49:21.000Z","aisyahrendusara","https://www.tiktok.com/@aisyahrendusara/video/7462784973918047506","6805854790821725186","7463463199691817749","https://p16-common-sign-sg.tiktokcdn-us.com/tos-alisg-avt-0068/1cba6b3b053c06471a6d1aa9d9e7df51~tplv-tiktokx-cropcenter:100:100.jpg?dr=9640&refresh_token=42c06608&x-expires=1756951200&x-signature=Im0%2BZKz5s1W09Eq3aX08DYsj0uU%3D&t=4d5b0474&ps=13740610&shp=30310797&shcp=ff37627b&idc=useast5"
"manifesting🌝","3","0","2025-06-08T10:17:53.000Z","l4uni4","https://www.tiktok.com/@aisyahrendusara/video/7462784973918047506","7034890373085168642","7513520734635983624","https://p16-common-sign-va.tiktokcdn-us.com/tos-maliva-avt-0068/c5afa1adff29d7f287869e7df020a730~tplv-tiktokx-cropcenter:100:100.jpg?dr=9640&refresh_token=5eddb10c&x-expires=1756951200&x-signature=onDQaHC%2FK%2F1vejZS4c9CNBuH3%2Bo%3D&t=4d5b0474&ps=13740610&shp=30310797&shcp=ff37627b&idc=useast5"
"claimed this energy 🔥","10","1","2025-01-22T17:25:05.000Z","bercanda_ajaaa","https://www.tiktok.com/@aisyahrendusara/video/7462784973918047506","6845879803960034306","7462792049446142728","https://p16-common-sign-sg.tiktokcdn-us.com/tos-alisg-avt-0068/a5f168b91f574c38945cc43ff65a3aea~tplv-tiktokx-cropcenter:100:100.jpg?dr=9640&refresh_token=15690748&x-expires=1756951200&x-signature=%2Bn9XiYLNYAZz36GDeQ1iK3s91YE%3D&t=4d5b0474&ps=13740610&shp=30310797&shcp=ff37627b&idc=useast5"
"😭🥺 selalu merinding melihat perempuan bependidikam, ngetik ini sambil nangus, betul mbak caption mbak. Semangat berjuang ya Mbak 😊","5","0","2025-01-24T22:13:37.000Z","eslfove","https://www.tiktok.com/@aisyahrendusara/video/7462784973918047506","7044740143617754114","7463608440343937800","https://p16-common-sign-sg.tiktokcdn-us.com/tos-alisg-avt-0068/c1818c88aa691856067b6015e3419a38~tplv-tiktokx-cropcenter:100:100.jpg?dr=9640&refresh_token=e42c8518&x-expires=1756951200&x-signature=EF7%2Bo%2FxrHnq%2Fmc7M7tZg2KzOves%3D&t=4d5b0474&ps=13740610&shp=30310797&shcp=ff37627b&idc=useast5"
"dan akulah orang yg menangis dikamarnya krna menginginkan ada di posisi kamu sekarang ka:)","13","1","2025-01-30T12:38:38.000Z","bukan_hazel","https://www.tiktok.com/@aisyahrendusara/video/7462784973918047506","81939548042","7465686957751665416","https://p16-common-sign-sg.tiktokcdn-us.com/tos-alisg-avt-0068/a04dc44e5c906b0188e9ed3fb6ad241d~tplv-tiktokx-cropcenter:100:100.jpg?dr=9640&refresh_token=657ef634&x-expires=1756951200&x-signature=gouL85CK9qBdYfopZJE33Etx0m8%3D&t=4d5b0474&ps=13740610&shp=30310797&shcp=ff37627b&idc=useast5"
"thank you for making this video :(((((","5","1","2025-01-29T14:20:05.000Z","meantchube","https://www.tiktok.com/@aisyahrendusara/video/7462784973918047506","7006358966691693594","7465341906828149510","https://p16-common-sign-sg.tiktokcdn-us.com/tos-alisg-avt-0068/58a9c68b0379bbc8a82d76f017c6f4d9~tplv-tiktokx-cropcenter:100:100.jpg?dr=9640&refresh_token=edb206b8&x-expires=1756951200&x-signature=GXsRP3UaDdste8OprS7vA5vcdss%3D&t=4d5b0474&ps=13740610&shp=30310797&shcp=ff37627b&idc=useast5"
"🥺","0",,"2025-01-29T14:30:37.000Z","aisyahrendusara","https://www.tiktok.com/@aisyahrendusara/video/7462784973918047506","6805854790821725186","7465344715962974993","https://p16-common-sign-sg.tiktokcdn-us.com/tos-alisg-avt-0068/1cba6b3b053c06471a6d1aa9d9e7df51~tplv-tiktokx-cropcenter:100:100.jpg?dr=9640&refresh_token=42c06608&x-expires=1756951200&x-signature=Im0%2BZKz5s1W09Eq3aX08DYsj0uU%3D&t=4d5b0474&ps=13740610&shp=30310797&shcp=ff37627b&idc=useast5"
"Inspirations!🔥","2","0","2025-01-25T12:42:41.000Z","izzazhan","https://www.tiktok.com/@aisyahrendusara/video/7462784973918047506","19354154","7463832561597694740","https://p16-common-sign-useast2a.tiktokcdn-us.com/tos-useast2a-avt-0068-aiso/c669afd063fba5552fc7abe8d338c693~tplv-tiktokx-cropcenter:100:100.jpg?dr=9640&refresh_token=3a58cd15&x-expires=1756951200&x-signature=EDZA3L6LnuIoZkdKskefjwU679Y%3D&t=4d5b0474&ps=13740610&shp=30310797&shcp=ff37627b&idc=useast5"
"I admire you 😍🔥","6","1","2025-01-23T01:27:52.000Z","trewberryy","https://www.tiktok.com/@aisyahrendusara/video/7462784973918047506","6984252195709633562","7462916366309688069","https://p16-common-sign-useast2a.tiktokcdn-us.com/tos-useast2a-avt-0068-giso/adc9972e1a89f49367fed633899a9a7b~tplv-tiktokx-cropcenter:100:100.jpg?dr=9640&refresh_token=8dcebe95&x-expires=1756951200&x-signature=Ub3kuaLsz0Qm%2BQhEHr%2FG1ccqgWQ%3D&t=4d5b0474&ps=13740610&shp=30310797&shcp=ff37627b&idc=useast5"
"i admire you moree!","0",,"2025-01-23T01:53:52.000Z","aisyahrendusara","https://www.tiktok.com/@aisyahrendusara/video/7462784973918047506","6805854790821725186","7462923056161702677","https://p16-common-sign-sg.tiktokcdn-us.com/tos-alisg-avt-0068/1cba6b3b053c06471a6d1aa9d9e7df51~tplv-tiktokx-cropcenter:100:100.jpg?dr=9640&refresh_token=42c06608&x-expires=1756951200&x-signature=Im0%2BZKz5s1W09Eq3aX08DYsj0uU%3D&t=4d5b0474&ps=13740610&shp=30310797&shcp=ff37627b&idc=useast5"
"beyond prouuudd, bismillah..","3","1","2025-01-23T14:03:04.000Z","proudlaater","https://www.tiktok.com/@aisyahrendusara/video/7462784973918047506","6836600647790380033","7463111129771557639","https://p16-common-sign-sg.tiktokcdn-us.com/tos-alisg-avt-0068/9bc925a1f248f4dbc4375a01266c4f0f~tplv-tiktokx-cropcenter:100:100.jpg?dr=9640&refresh_token=5799f80e&x-expires=1756951200&x-signature=LN0MfkSKqnxs0sYAuGBACFgiapo%3D&t=4d5b0474&ps=13740610&shp=30310797&shcp=ff37627b&idc=useast5"
"🥰","0",,"2025-01-23T14:09:18.000Z","aisyahrendusara","https://www.tiktok.com/@aisyahrendusara/video/7462784973918047506","6805854790821725186","7463112737372816148","https://p16-common-sign-sg.tiktokcdn-us.com/tos-alisg-avt-0068/1cba6b3b053c06471a6d1aa9d9e7df51~tplv-tiktokx-cropcenter:100:100.jpg?dr=9640&refresh_token=42c06608&x-expires=1756951200&x-signature=Im0%2BZKz5s1W09Eq3aX08DYsj0uU%3D&t=4d5b0474&ps=13740610&shp=30310797&shcp=ff37627b&idc=useast5"
"bismillah","2","0","2025-01-23T09:18:49.000Z","myheadband6","https://www.tiktok.com/@aisyahrendusara/video/7462784973918047506","7384710103578690565","7463037832116224776","https://p16-common-sign-va.tiktokcdn-us.com/tos-maliva-avt-0068/597a1fdf64bfde9213f2c616f5f1afd7~tplv-tiktokx-cropcenter:100:100.jpg?dr=9640&refresh_token=4d50b3e8&x-expires=1756951200&x-signature=KYQVYLjCrJDklfIdi2mZh%2BJ6ckQ%3D&t=4d5b0474&ps=13740610&shp=30310797&shcp=ff37627b&idc=useast5"
"kakkkk kamu keren bangett, semoga aku bisa nyusul yaa","2","1","2025-01-26T19:45:44.000Z","dstarkeyyzz","https://www.tiktok.com/@aisyahrendusara/video/7462784973918047506","6976623859466273794","7464312530137400082","https://p16-common-sign-sg.tiktokcdn-us.com/tos-alisg-avt-0068/aa2c8ec6ba47a7759bc70dbf8d1ef67c~tplv-tiktokx-cropcenter:100:100.jpg?dr=9640&refresh_token=562aa199&x-expires=1756951200&x-signature=d7M0dT7Sf%2BBWw%2FjFP%2F8s3UZdOjQ%3D&t=4d5b0474&ps=13740610&shp=30310797&shcp=ff37627b&idc=useast5"
"you can do it✨✨","1",,"2025-01-27T06:24:16.000Z","aisyahrendusara","https://www.tiktok.com/@aisyahrendusara/video/7462784973918047506","6805854790821725186","7464477201468572436","https://p16-common-sign-sg.tiktokcdn-us.com/tos-alisg-avt-0068/1cba6b3b053c06471a6d1aa9d9e7df51~tplv-tiktokx-cropcenter:100:100.jpg?dr=9640&refresh_token=42c06608&x-expires=1756951200&x-signature=Im0%2BZKz5s1W09Eq3aX08DYsj0uU%3D&t=4d5b0474&ps=13740610&shp=30310797&shcp=ff37627b&idc=useast5"
"masyaallah, semoga aku juga bisa kak!!","4","1","2025-01-23T15:09:21.000Z","userii","https://www.tiktok.com/@aisyahrendusara/video/7462784973918047506","6874388657890149378","7463128216820531976","https://p16-common-sign-sg.tiktokcdn-us.com/tos-alisg-avt-0068/3a6dc3cf455bccb70dbc4c3dfa9b6ace~tplv-tiktokx-cropcenter:100:100.jpg?dr=9640&refresh_token=e22a3e5a&x-expires=1756951200&x-signature=9exhvR9xP1ZkzXheV%2BiLmnpCptU%3D&t=4d5b0474&ps=13740610&shp=30310797&shcp=ff37627b&idc=useast5"
"yess you can do this!","0",,"2025-01-23T15:41:05.000Z","aisyahrendusara","https://www.tiktok.com/@aisyahrendusara/video/7462784973918047506","6805854790821725186","7463136395227218708","https://p16-common-sign-sg.tiktokcdn-us.com/tos-alisg-avt-0068/1cba6b3b053c06471a6d1aa9d9e7df51~tplv-tiktokx-cropcenter:100:100.jpg?dr=9640&refresh_token=42c06608&x-expires=1756951200&x-signature=Im0%2BZKz5s1W09Eq3aX08DYsj0uU%3D&t=4d5b0474&ps=13740610&shp=30310797&shcp=ff37627b&idc=useast5"
"kak🥹🩷","0","1","2025-01-23T02:43:44.000Z","emiainparis","https://www.tiktok.com/@aisyahrendusara/video/7462784973918047506","7041428622637532161","7462936027788247815","https://p16-common-sign-va.tiktokcdn-us.com/tos-maliva-avt-0068/314e38d8385be17b6e5f1d46b9485ba7~tplv-tiktokx-cropcenter:100:100.jpg?dr=9640&refresh_token=4993fc57&x-expires=1756951200&x-signature=mefTHAVFGVy9Qv2uT%2B4fHOpye9U%3D&t=4d5b0474&ps=13740610&shp=30310797&shcp=ff37627b&idc=useast5"
"🥹🥹🥹","0",,"2025-01-23T03:59:57.000Z","aisyahrendusara","https://www.tiktok.com/@aisyahrendusara/video/7462784973918047506","6805854790821725186","7462955657625813768","https://p16-common-sign-sg.tiktokcdn-us.com/tos-alisg-avt-0068/1cba6b3b053c06471a6d1aa9d9e7df51~tplv-tiktokx-cropcenter:100:100.jpg?dr=9640&refresh_token=42c06608&x-expires=1756951200&x-signature=Im0%2BZKz5s1W09Eq3aX08DYsj0uU%3D&t=4d5b0474&ps=13740610&shp=30310797&shcp=ff37627b&idc=useast5"
"Aku sedang di fase desperate tapi habis lihat vt ini jadi semangat lagi meraih scholarship tahun ini😭","11","3","2025-01-23T09:59:50.000Z","psy2book","https://www.tiktok.com/@aisyahrendusara/video/7462784973918047506","7072671748463313925","7463048351433655046","https://p16-common-sign-sg.tiktokcdn-us.com/tos-alisg-avt-0068/f12c66e1dbb0bea606c7143a56eb753c~tplv-tiktokx-cropcenter:100:100.jpg?dr=9640&refresh_token=38426f09&x-expires=1756951200&x-signature=36PQzJ4Aeq6MWkfnYqXAzTBcgDQ%3D&t=4d5b0474&ps=13740610&shp=30310797&shcp=ff37627b&idc=useast5"
"you’ve got this, never quitting on your dreams! Do it hard, let God helps for the results 😊","1",,"2025-01-23T10:13:21.000Z","aisyahrendusara","https://www.tiktok.com/@aisyahrendusara/video/7462784973918047506","6805854790821725186","7463051904651035412","https://p16-common-sign-sg.tiktokcdn-us.com/tos-alisg-avt-0068/1cba6b3b053c06471a6d1aa9d9e7df51~tplv-tiktokx-cropcenter:100:100.jpg?dr=9640&refresh_token=42c06608&x-expires=1756951200&x-signature=Im0%2BZKz5s1W09Eq3aX08DYsj0uU%3D&t=4d5b0474&ps=13740610&shp=30310797&shcp=ff37627b&idc=useast5"
"Commenting to stay in studytok","2","0","2025-02-23T18:52:35.000Z","groffyblue","https://www.tiktok.com/@aisyahrendusara/video/7462784973918047506","7439348943093695544","7474689360480240392","https://p16-common-sign-sg.tiktokcdn-us.com/tos-alisg-avt-0068/e77e76197307ed85b1ac051cd89f254d~tplv-tiktokx-cropcenter:100:100.jpg?dr=9640&refresh_token=3d258113&x-expires=1756951200&x-signature=P8kUYE%2BzVu%2BBYKzwaAJSO%2B5pEDc%3D&t=4d5b0474&ps=13740610&shp=30310797&shcp=ff37627b&idc=useast5"
"semangatt kakkkk 💪💪💪","3","1","2025-01-23T03:03:12.000Z","yellowandblue61","https://www.tiktok.com/@aisyahrendusara/video/7462784973918047506","6904074013438493698","7462941006901691154","https://p16-common-sign-useast2a.tiktokcdn-us.com/tos-useast2a-avt-0068-euttp/ed9ef1e81fb598a3d62b36bac9b8f84b~tplv-tiktokx-cropcenter:100:100.jpg?dr=9640&refresh_token=f6d1021d&x-expires=1756951200&x-signature=uajPChSeVL3DQtCN2HC82uSs%2FHY%3D&t=4d5b0474&ps=13740610&shp=30310797&shcp=ff37627b&idc=useast5"
"semangat yaaa ☺️","0",,"2025-01-23T03:42:35.000Z","aisyahrendusara","https://www.tiktok.com/@aisyahrendusara/video/7462784973918047506","6805854790821725186","7462951194219971335","https://p16-common-sign-sg.tiktokcdn-us.com/tos-alisg-avt-0068/1cba6b3b053c06471a6d1aa9d9e7df51~tplv-tiktokx-cropcenter:100:100.jpg?dr=9640&refresh_token=42c06608&x-expires=1756951200&x-signature=Im0%2BZKz5s1W09Eq3aX08DYsj0uU%3D&t=4d5b0474&ps=13740610&shp=30310797&shcp=ff37627b&idc=useast5"
"kerenn kak, semoga aku bisa berada di posisi ini, aamiinn","1","0","2025-01-27T03:50:30.000Z","flauwwerr","https://www.tiktok.com/@aisyahrendusara/video/7462784973918047506","6841391383677961218","7464437575354204935","https://p16-common-sign-sg.tiktokcdn-us.com/tos-alisg-avt-0068/718a171d30481b6604b5f82451400d1e~tplv-tiktokx-cropcenter:100:100.jpg?dr=9640&refresh_token=5af36d4c&x-expires=1756951200&x-signature=Kn35Wnt125DTpgcGLMo%2B2gcUXr4%3D&t=4d5b0474&ps=13740610&shp=30310797&shcp=ff37627b&idc=useast5"
"pngen bgt yaAllah","2","1","2025-02-10T08:45:24.000Z","blinkinai","https://www.tiktok.com/@aisyahrendusara/video/7462784973918047506","7112062029955548186","7469708751479997192","https://p16-common-sign-sg.tiktokcdn-us.com/tos-alisg-avt-0068/ca9d971e4aaca0227f055d89ace85f6e~tplv-tiktokx-cropcenter:100:100.jpg?dr=9640&refresh_token=5f7a8641&x-expires=1756951200&x-signature=9Kv2aTcDMKYGidHqDUTJTry71uk%3D&t=4d5b0474&ps=13740610&shp=30310797&shcp=ff37627b&idc=useast5"
"aamiin","0",,"2025-02-10T10:35:45.000Z","aisyahrendusara","https://www.tiktok.com/@aisyahrendusara/video/7462784973918047506","6805854790821725186","7469737194220913428","https://p16-common-sign-sg.tiktokcdn-us.com/tos-alisg-avt-0068/1cba6b3b053c06471a6d1aa9d9e7df51~tplv-tiktokx-cropcenter:100:100.jpg?dr=9640&refresh_token=42c06608&x-expires=1756951200&x-signature=Im0%2BZKz5s1W09Eq3aX08DYsj0uU%3D&t=4d5b0474&ps=13740610&shp=30310797&shcp=ff37627b&idc=useast5"
"so inspiring ☹️","1","0","2025-03-22T14:23:57.000Z","bayahiuu","https://www.tiktok.com/@aisyahrendusara/video/7462784973918047506","7472784704908428308","7484639482445120263","https://p16-common-sign-sg.tiktokcdn-us.com/tos-alisg-avt-0068/9aadd6607f89f126fd698193e82680de~tplv-tiktokx-cropcenter:100:100.jpg?dr=9640&refresh_token=a1a4a3f8&x-expires=1756951200&x-signature=sgpFsu%2BcIlJUQl%2FQNglxYUVdfnI%3D&t=4d5b0474&ps=13740610&shp=30310797&shcp=ff37627b&idc=useast5"
"Masha'Allah All muslims are proud of you keep going sister 🫡","2","0","2025-01-23T19:12:14.000Z","wy0a","https://www.tiktok.com/@aisyahrendusara/video/7462784973918047506","7123491572222804994","7463190680351097607","https://p16-common-sign-sg.tiktokcdn-us.com/tos-alisg-avt-0068/92be35c38bde2777235a89facc0d6bf4~tplv-tiktokx-cropcenter:100:100.jpg?dr=9640&refresh_token=64e58d5b&x-expires=1756951200&x-signature=GFZQaPVmC21ayvA%2FQoFGsHuIsPA%3D&t=4d5b0474&ps=13740610&shp=30310797&shcp=ff37627b&idc=useast5"
"<3","1","0","2025-01-25T04:05:46.000Z","tange_erine","https://www.tiktok.com/@aisyahrendusara/video/7462784973918047506","6889358151663174661","7463699215711044357","https://p16-common-sign-sg.tiktokcdn-us.com/tos-alisg-avt-0068/cca433c185f057c39511f41fc7e58f8b~tplv-tiktokx-cropcenter:100:100.jpg?dr=9640&refresh_token=37630868&x-expires=1756951200&x-signature=Zog8vhZoJlhvuQJHlal518LVmb8%3D&t=4d5b0474&ps=13740610&shp=30310797&shcp=ff37627b&idc=useast5"
"Semoga aku bisa nyusul 🥹✨","1","0","2025-02-26T16:37:44.000Z","zifelafourteen_","https://www.tiktok.com/@aisyahrendusara/video/7462784973918047506","6612497112502845442","7475767874143077128","https://p16-common-sign-va.tiktokcdn-us.com/tos-maliva-avt-0068/43acef079906ac8c6db6615587b2cdda~tplv-tiktokx-cropcenter:100:100.jpg?dr=9640&refresh_token=4b3e837e&x-expires=1756951200&x-signature=LY%2FMS%2B6ZeDWcps5duMbbyqDij1g%3D&t=4d5b0474&ps=13740610&shp=30310797&shcp=ff37627b&idc=useast5"
"kenapa baru lalu fyp sekarangg😭","3","4","2025-07-29T16:16:20.000Z","dayzcam","https://www.tiktok.com/@ieltspresso/video/7502371181903777030","6809909294017889282","7532538441389966088","https://p16-common-sign-sg.tiktokcdn-us.com/tos-alisg-avt-0068/9eb5b8be516b9014795f4999d1272dfb~tplv-tiktokx-cropcenter:100:100.jpg?dr=9640&refresh_token=9632ed7d&x-expires=1756951200&x-signature=IwMmSTXdtjIWu3RLpz4FsN4T2D8%3D&t=4d5b0474&ps=13740610&shp=30310797&shcp=ff37627b&idc=useast5"
"how about for Australia?","0","0","2025-06-30T00:39:00.000Z","youmeplanet","https://www.tiktok.com/@ieltspresso/video/7502371181903777030","7050692940959941638","7521535367712457473","https://p16-common-sign-sg.tiktokcdn-us.com/tos-alisg-avt-0068/b419f57ead01ea94e0e27717a588a0a1~tplv-tiktokx-cropcenter:100:100.jpg?dr=9640&refresh_token=e6ce4840&x-expires=1756951200&x-signature=R9wQkY0KFrY6iajfzgIvclHpw%2FA%3D&t=4d5b0474&ps=13740610&shp=30310797&shcp=ff37627b&idc=useast5"
"Nice information👍👍👍","2","0","2025-05-12T13:50:38.000Z","irfansyah_rizal","https://www.tiktok.com/@ieltspresso/video/7502371181903777030","6960004975380988929","7503556216728896264","https://p16-common-sign-va.tiktokcdn-us.com/tos-maliva-avt-0068/a4cc70776280f319f57510ce57f8f449~tplv-tiktokx-cropcenter:100:100.jpg?dr=9640&refresh_token=c16aed32&x-expires=1756951200&x-signature=AufiYU%2BFh0zzMvXc6wezO1kGDXk%3D&t=4d5b0474&ps=13740610&shp=30310797&shcp=ff37627b&idc=useast5"
"gimana caranya","0","0","2025-07-18T01:50:33.000Z","vaylana2","https://www.tiktok.com/@ieltspresso/video/7502371181903777030","6962799847939376129","7528233333093483285","https://p16-common-sign-sg.tiktokcdn-us.com/tos-alisg-avt-0068/4efb2978768e8240e9368e8a33e557f5~tplv-tiktokx-cropcenter:100:100.jpg?dr=9640&refresh_token=a8f98b54&x-expires=1756951200&x-signature=oT%2B5oy8CD08MJDBxKoZ2rEVas8Y%3D&t=4d5b0474&ps=13740610&shp=30310797&shcp=ff37627b&idc=useast5"
"kalau pernah ketolak visa studentnya bisa ikut ini gaa?","0","0","2025-06-04T12:51:08.000Z","__akusindi","https://www.tiktok.com/@ieltspresso/video/7502371181903777030","6910811194971816962","7512075836864021249","https://p16-common-sign-sg.tiktokcdn-us.com/tos-alisg-avt-0068/74c2bb0a24d7ce6434ef599b92ee3086~tplv-tiktokx-cropcenter:100:100.jpg?dr=9640&refresh_token=7045ccfd&x-expires=1756951200&x-signature=8AJUdl%2B4wOdnUJjIKEqA8cjRz9w%3D&t=4d5b0474&ps=13740610&shp=30310797&shcp=ff37627b&idc=useast5"
"KAIST minimal ielts nya berapa? kalau nggak fresh graduate bisa nggak apply?","0","0","2025-06-24T18:43:29.000Z","godqhrgody","https://www.tiktok.com/@ieltspresso/video/7502371181903777030","6931188455418708994","7519588343383524103","https://p16-common-sign-sg.tiktokcdn-us.com/tos-alisg-avt-0068/4c8d2b3889c6877ee1853169eb4044ac~tplv-tiktokx-cropcenter:100:100.jpg?dr=9640&refresh_token=9a96b77a&x-expires=1756951200&x-signature=czENcViajEO9J02nCMcM5Lrmm3Y%3D&t=4d5b0474&ps=13740610&shp=30310797&shcp=ff37627b&idc=useast5"
"buat smt 4 bisa gak kak? trs apa bsa convert sksnya?","0","0","2025-06-01T16:06:05.000Z","nostradamaus","https://www.tiktok.com/@ieltspresso/video/7502371181903777030","7230649364744832026","7511012851587498753","https://p16-common-sign-va.tiktokcdn-us.com/tos-maliva-avt-0068/c516cc0bf5f966a8f2542d15e080a15a~tplv-tiktokx-cropcenter:100:100.jpg?dr=9640&refresh_token=e83fc9a5&x-expires=1756951200&x-signature=mV2Mn2uX9fuwJUePmT8GopsceSk%3D&t=4d5b0474&ps=13740610&shp=30310797&shcp=ff37627b&idc=useast5"
"yg canada itu feenya berapa yah?","0","0","2025-06-28T08:23:49.000Z","carl_0311","https://www.tiktok.com/@ieltspresso/video/7502371181903777030","7401846840070571013","7520913027848782610","https://p16-common-sign-va.tiktokcdn-us.com/tos-maliva-avt-0068/f7ee1a57886513e5c3e1cc1725888cea~tplv-tiktokx-cropcenter:100:100.jpg?dr=9640&refresh_token=1a240516&x-expires=1756951200&x-signature=VSmg2LyW3F55x%2BDufYLbdb599lQ%3D&t=4d5b0474&ps=13740610&shp=30310797&shcp=ff37627b&idc=useast5"
"south
africa pasti tembus","0","0","2025-06-12T11:44:03.000Z","aphinhai","https://www.tiktok.com/@ieltspresso/video/7502371181903777030","7246787408908616706","7515027253757084432","https://p16-common-sign-va.tiktokcdn-us.com/tos-maliva-avt-0068/7246801995490754565~tplv-tiktokx-cropcenter:100:100.jpg?dr=9640&refresh_token=7496f6d5&x-expires=1756951200&x-signature=CLB8%2FijFikHhHX87Fm%2FYkD8GLfk%3D&t=4d5b0474&ps=13740610&shp=30310797&shcp=ff37627b&idc=useast5"
"gimana cara daftarnya kak","1","3","2025-05-10T07:57:10.000Z","xaldzky","https://www.tiktok.com/@ieltspresso/video/7502371181903777030","6817221016063640578","7502722970247250696","https://p16-common-sign-sg.tiktokcdn-us.com/tos-alisg-avt-0068/283a2c5d9eca5a040e96f8b8bb17395e~tplv-tiktokx-cropcenter:100:100.jpg?dr=9640&refresh_token=bcec140c&x-expires=1756951200&x-signature=cpaewprUJgs6IxPHzLa7XCfdTP8%3D&t=4d5b0474&ps=13740610&shp=30310797&shcp=ff37627b&idc=useast5"
"langsung saja ketik nama exchange nya di google yaa 🥰","0",,"2025-05-13T01:59:19.000Z","ieltspresso","https://www.tiktok.com/@ieltspresso/video/7502371181903777030","6836244870434571265","7503743945558459152","https://p16-common-sign-sg.tiktokcdn-us.com/tos-alisg-avt-0068/8dbb57f12b0e7d4eda8e9a67e47511c2~tplv-tiktokx-cropcenter:100:100.jpg?dr=9640&refresh_token=ef551d17&x-expires=1756951200&x-signature=U9lg5eUhnTFmFmutB7j9P7U6ksI%3D&t=4d5b0474&ps=13740610&shp=30310797&shcp=ff37627b&idc=useast5"
"yang canada itu kok gada di web ya? web resminya apa ya?","0","0","2025-05-29T16:26:07.000Z","jbleirs","https://www.tiktok.com/@ieltspresso/video/7502371181903777030","7482476763400422418","7509904771194061586","https://p16-common-sign-sg.tiktokcdn-us.com/tos-alisg-avt-0068/52bf14bd9c09d88e1dbcbaabc20a01a5~tplv-tiktokx-cropcenter:100:100.jpg?dr=9640&refresh_token=ec850ffa&x-expires=1756951200&x-signature=jW2GMdJDhecPi%2FFapGG6zaOWv5s%3D&t=4d5b0474&ps=13740610&shp=30310797&shcp=ff37627b&idc=useast5"
"harus bisa b Inggris dulu pasti","8","1","2025-05-11T06:20:11.000Z","bngakysa","https://www.tiktok.com/@ieltspresso/video/7502371181903777030","7089429309941629954","7503069042410275592","https://p16-common-sign-sg.tiktokcdn-us.com/tos-alisg-avt-0068/6446bc52f4978c5b142af660648ae92f~tplv-tiktokx-cropcenter:100:100.jpg?dr=9640&refresh_token=d6561443&x-expires=1756951200&x-signature=YnA5YxxeccKxDZWcSI7vKjuaaFw%3D&t=4d5b0474&ps=13740610&shp=30310797&shcp=ff37627b&idc=useast5"
"Ini tu beneran ga siii ???","2","4","2025-05-09T10:48:22.000Z","justmelkyy","https://www.tiktok.com/@ieltspresso/video/7502371181903777030","7199102647772578817","7502395965607035656","https://p16-common-sign-sg.tiktokcdn-us.com/tos-alisg-avt-0068/e3f31472d63df134f20a1281cc6cd6e1~tplv-tiktokx-cropcenter:100:100.jpg?dr=9640&refresh_token=a913c4a7&x-expires=1756951200&x-signature=dQ9A1NbVyJdRKUG93sEC2loypdo%3D&t=4d5b0474&ps=13740610&shp=30310797&shcp=ff37627b&idc=useast5"
"iyaap!","0",,"2025-05-10T02:04:40.000Z","ieltspresso","https://www.tiktok.com/@ieltspresso/video/7502371181903777030","6836244870434571265","7502632028434023184","https://p16-common-sign-sg.tiktokcdn-us.com/tos-alisg-avt-0068/8dbb57f12b0e7d4eda8e9a67e47511c2~tplv-tiktokx-cropcenter:100:100.jpg?dr=9640&refresh_token=ef551d17&x-expires=1756951200&x-signature=U9lg5eUhnTFmFmutB7j9P7U6ksI%3D&t=4d5b0474&ps=13740610&shp=30310797&shcp=ff37627b&idc=useast5"
"daftar kuliah luar negeri + beasiswanya tanpa prestasi sebenernya mungkin nggk sih?🙂","0","0","2025-07-07T10:48:59.000Z","sashaa_crochet","https://www.tiktok.com/@ieltspresso/video/7502371181903777030","7317599990405170177","7524290206929961729","https://p16-common-sign-sg.tiktokcdn-us.com/tos-alisg-avt-0068/978a0536400fa854e6bcf1e14adb4d1f~tplv-tiktokx-cropcenter:100:100.jpg?dr=9640&refresh_token=25f879f6&x-expires=1756951200&x-signature=2%2F%2BafnTtNbkIL8oXg1BxZARtH%2Fc%3D&t=4d5b0474&ps=13740610&shp=30310797&shcp=ff37627b&idc=useast5"
"kak gimana ya langkah langkah nya, masi belum paham, mulai dari mana? kalo belajar sekarang kira kira terlambat ga?","0","1","2025-05-26T14:52:15.000Z","zharifahalyaah","https://www.tiktok.com/@ieltspresso/video/7502371181903777030","7100096093740057627","7508767325899784967","https://p16-common-sign-sg.tiktokcdn-us.com/tos-alisg-avt-0068/b989421d3bc2c5460b1883c45895faa5~tplv-tiktokx-cropcenter:100:100.jpg?dr=9640&refresh_token=a024e8f4&x-expires=1756951200&x-signature=Sb0s67igysuq9A9%2BpsqOWpmwfeU%3D&t=4d5b0474&ps=13740610&shp=30310797&shcp=ff37627b&idc=useast5"
"ngga dong, kalo emang ga cukup persiapannya bisa ikut yang tahun depan ✨️","0",,"2025-06-02T03:41:14.000Z","ieltspresso","https://www.tiktok.com/@ieltspresso/video/7502371181903777030","6836244870434571265","7511191933114827521","https://p16-common-sign-sg.tiktokcdn-us.com/tos-alisg-avt-0068/8dbb57f12b0e7d4eda8e9a67e47511c2~tplv-tiktokx-cropcenter:100:100.jpg?dr=9640&refresh_token=ef551d17&x-expires=1756951200&x-signature=U9lg5eUhnTFmFmutB7j9P7U6ksI%3D&t=4d5b0474&ps=13740610&shp=30310797&shcp=ff37627b&idc=useast5"
"kalau apply fully funded gini jadi yg di tanggung sama kita berapa persen sih kak","8","4","2025-05-15T02:45:53.000Z","onmywayyies","https://www.tiktok.com/@ieltspresso/video/7502371181903777030","7235242315269784581","7504498158099333896","https://p16-common-sign-sg.tiktokcdn-us.com/tos-alisg-avt-0068/55509ed12efa65c1977fb6d2ac281aee~tplv-tiktokx-cropcenter:100:100.jpg?dr=9640&refresh_token=a9689790&x-expires=1756951200&x-signature=CPxMpsDOEp2bFSfBbRn%2Bt007qig%3D&t=4d5b0474&ps=13740610&shp=30310797&shcp=ff37627b&idc=useast5"
"gaada kak, kalo fully funded artinya dibiayai penuh yaa","8",,"2025-05-15T11:06:12.000Z","ieltspresso","https://www.tiktok.com/@ieltspresso/video/7502371181903777030","6836244870434571265","7504627038457430801","https://p16-common-sign-sg.tiktokcdn-us.com/tos-alisg-avt-0068/8dbb57f12b0e7d4eda8e9a67e47511c2~tplv-tiktokx-cropcenter:100:100.jpg?dr=9640&refresh_token=ef551d17&x-expires=1756951200&x-signature=U9lg5eUhnTFmFmutB7j9P7U6ksI%3D&t=4d5b0474&ps=13740610&shp=30310797&shcp=ff37627b&idc=useast5"
"😻😻😻","1","0","2025-07-28T08:19:00.000Z","nrlissaa","https://www.tiktok.com/@ieltspresso/video/7502371181903777030","6823069327723054081","7532044356472275720","https://p16-common-sign-sg.tiktokcdn-us.com/tos-alisg-avt-0068/0a04034e2064c1ec781ac95ca2d9c644~tplv-tiktokx-cropcenter:100:100.jpg?dr=9640&refresh_token=f17e9187&x-expires=1756951200&x-signature=cs5xz51Ga0wusTaXWjs%2BlO1LGzs%3D&t=4d5b0474&ps=13740610&shp=30310797&shcp=ff37627b&idc=useast5"
"🔥🔥","0","0","2025-05-16T12:32:59.000Z","isaghuji_","https://www.tiktok.com/@ieltspresso/video/7502371181903777030","7369931500131337222","7505020516983833351","https://p16-common-sign-sg.tiktokcdn-us.com/tos-alisg-avt-0068/5acc5a31a9bf3851fda0c3ab93b7e2d0~tplv-tiktokx-cropcenter:100:100.jpg?dr=9640&refresh_token=10bc0add&x-expires=1756951200&x-signature=DomIRAIRHZp%2FdUvPnoPmYPzwhXk%3D&t=4d5b0474&ps=13740610&shp=30310797&shcp=ff37627b&idc=useast5"
"🙏","0","0","2025-05-15T06:50:54.000Z","helenaelva0","https://www.tiktok.com/@ieltspresso/video/7502371181903777030","6846733622382478337","7504561305137611527","https://p16-common-sign-useast2a.tiktokcdn-us.com/tos-useast2a-avt-0068-giso/1640befca40075cfd6d880ce5038d667~tplv-tiktokx-cropcenter:100:100.jpg?dr=9640&refresh_token=bfe13d23&x-expires=1756951200&x-signature=B0GUy3cjvvljOKma7euTb59Iagc%3D&t=4d5b0474&ps=13740610&shp=30310797&shcp=ff37627b&idc=useast5"
"😁","0","0","2025-06-02T11:23:09.000Z","metadwicahyani0","https://www.tiktok.com/@ieltspresso/video/7502371181903777030","6881957630806557697","7511311032263885586","https://p16-common-sign-va.tiktokcdn-us.com/tos-maliva-avt-0068/7284996119360929797~tplv-tiktokx-cropcenter:100:100.jpg?dr=9640&refresh_token=2c66826a&x-expires=1756951200&x-signature=PCm5y%2Fdu%2Fm1UTBGu34DKW%2BSDbMU%3D&t=4d5b0474&ps=13740610&shp=30310797&shcp=ff37627b&idc=useast5"
"😁","0","0","2025-05-20T04:02:31.000Z","aisyahanifaa_","https://www.tiktok.com/@ieltspresso/video/7502371181903777030","118001354375118848","7506373323904467720","https://p16-common-sign-sg.tiktokcdn-us.com/tos-alisg-avt-0068/181d7652e0238488cdb6564fc9a96790~tplv-tiktokx-cropcenter:100:100.jpg?dr=9640&refresh_token=89102115&x-expires=1756951200&x-signature=huaWiG5A1AX1UtOpcEtiNO0tyJg%3D&t=4d5b0474&ps=13740610&shp=30310797&shcp=ff37627b&idc=useast5"
"😆","0","0","2025-06-23T23:35:54.000Z","tasyalala23_","https://www.tiktok.com/@ieltspresso/video/7502371181903777030","7382106371234268165","7519292619243914004","https://p16-common-sign-sg.tiktokcdn-us.com/tos-alisg-avt-0068/2920d24e4d111006ec1d2b5e93d53895~tplv-tiktokx-cropcenter:100:100.jpg?dr=9640&refresh_token=280e5e1f&x-expires=1756951200&x-signature=jNLVNyqDRs2J2Jd1704VQbl8IK4%3D&t=4d5b0474&ps=13740610&shp=30310797&shcp=ff37627b&idc=useast5"
"😂😂😂","0","0","2025-06-15T11:31:05.000Z","crzlupfamily","https://www.tiktok.com/@ieltspresso/video/7502371181903777030","6604232482513616898","7516137153648263953","https://p16-common-sign-sg.tiktokcdn-us.com/tos-alisg-avt-0068/7326395399969701890~tplv-tiktokx-cropcenter:100:100.jpg?dr=9640&refresh_token=0d430a6f&x-expires=1756951200&x-signature=gelgZihohsiO3Cx68eNRJjcMVtI%3D&t=4d5b0474&ps=13740610&shp=30310797&shcp=ff37627b&idc=useast5"
"🤩","0","0","2025-06-05T16:44:38.000Z","studyfirst.id","https://www.tiktok.com/@ieltspresso/video/7502371181903777030","7173051763788104706","7512507138763064072","https://p19-common-sign-sg.tiktokcdn-us.com/tos-alisg-avt-0068/1aa78ff4c05bac1c4012b8b40a9b5cdf~tplv-tiktokx-cropcenter:100:100.jpg?dr=9640&refresh_token=46d0f22e&x-expires=1756951200&x-signature=RzMzg1O5yZQBuAimNhL5FAEF9EU%3D&t=4d5b0474&ps=13740610&shp=30310797&shcp=ff37627b&idc=useast5"
"lah serius ? pengen ke Afrika Selatan deh. ketemu jerapah wkwkw","0","0","2025-06-09T11:10:26.000Z","aldi_reynaldi_ar","https://www.tiktok.com/@ieltspresso/video/7502371181903777030","6521306743498637314","7513905349746836232","https://p16-common-sign-va.tiktokcdn-us.com/tos-maliva-avt-0068/923e4b67035411d6a5dfdd317670e1ae~tplv-tiktokx-cropcenter:100:100.jpg?dr=9640&refresh_token=aed7b15f&x-expires=1756951200&x-signature=ULJee1G%2BoTo1Sk%2F0DuxZYCGTpMk%3D&t=4d5b0474&ps=13740610&shp=30310797&shcp=ff37627b&idc=useast5"
"Aku pengennnnn🥹🥹🥹tapi gatau mesti memulainya dari mana dan gimana tapi aku mau","361","38","2025-06-02T12:30:19.000Z","sabrinasab_15","https://www.tiktok.com/@calandracl/video/7511007318000094520","6749678875209466882","7511328323084485383","https://p16-sign-sg.tiktokcdn.com/tos-alisg-avt-0068/a2e95071c72512aa6c80afd03aee548f~tplv-tiktokx-cropcenter:100:100.jpg?dr=10399&refresh_token=4785d56a&x-expires=1756951200&x-signature=KXwADkNT2eEBTOF8uR4hFdNz3sU%3D&t=4d5b0474&ps=13740610&shp=30310797&shcp=ff37627b&idc=no1a"
"Hallo kak, kalo boleh tau kamu tinggal di australia pake visa apa ya kak?🙏","8","2","2025-06-03T03:17:12.000Z","il0vemyselff","https://www.tiktok.com/@calandracl/video/7511007318000094520","6776640136852882433","7511556847478162183","https://p16-sign-sg.tiktokcdn.com/tos-alisg-avt-0068/e40578a850156e5f07ba1fcec9d14439~tplv-tiktokx-cropcenter:100:100.jpg?dr=10399&refresh_token=43d30f0f&x-expires=1756951200&x-signature=h7nEpRDWbeVKyvrzR8VjqO91jcU%3D&t=4d5b0474&ps=13740610&shp=30310797&shcp=ff37627b&idc=no1a"
"motivational","1","0","2025-04-02T21:31:36.000Z","study_with_stacey","https://www.tiktok.com/@aisyahrendusara/video/7462784973918047506","7485680136227636246","7488831626752377622","https://p16-common-sign-va.tiktokcdn-us.com/tos-maliva-avt-0068/cc4c31586553f132e4cc6770866f778a~tplv-tiktokx-cropcenter:100:100.jpg?dr=9640&refresh_token=a81c2c64&x-expires=1756951200&x-signature=ax43CJRvfB1YcG8cS6VAC2QnZZk%3D&t=4d5b0474&ps=13740610&shp=30310797&shcp=ff37627b&idc=useast8"
"Fighting 🥰","1","0","2025-01-23T22:07:54.000Z","jennieee0190","https://www.tiktok.com/@aisyahrendusara/video/7462784973918047506","6922220387330688002","7463235843248718610","https://p16-common-sign-sg.tiktokcdn-us.com/tos-alisg-avt-0068/5f12e7d426bb9a6abad99f11dbfbaf6d~tplv-tiktokx-cropcenter:100:100.jpg?dr=9640&refresh_token=6e8d1df7&x-expires=1756951200&x-signature=MCicLg72BfEubE9YBoIiuUKYxWg%3D&t=4d5b0474&ps=13740610&shp=30310797&shcp=ff37627b&idc=useast8"
"KEREN KAK","1","0","2025-01-24T04:03:59.000Z","alangitulho","https://www.tiktok.com/@aisyahrendusara/video/7462784973918047506","6832654345348514818","7463327755931239175","https://p16-common-sign-va.tiktokcdn-us.com/tos-maliva-avt-0068/1a274640fba4beffb1880f4832d6ba82~tplv-tiktokx-cropcenter:100:100.jpg?dr=9640&refresh_token=c02904f5&x-expires=1756951200&x-signature=ROzD6XJVVo81wK23Z8G8vh0DeUU%3D&t=4d5b0474&ps=13740610&shp=30310797&shcp=ff37627b&idc=useast8"
"❤️يا رب","1","0","2025-03-08T03:32:13.000Z","enchantedatmidnightx","https://www.tiktok.com/@aisyahrendusara/video/7462784973918047506","7371570860505302022","7479276238327038726","https://p19-common-sign-va.tiktokcdn-us.com/tos-maliva-avt-0068/8aa1ef8c6ac457422ca1d890abb403ef~tplv-tiktokx-cropcenter:100:100.jpg?dr=9640&refresh_token=eaa443a1&x-expires=1756951200&x-signature=5%2FQpHn%2B5sW3nave2EiUZaZuO72Y%3D&t=4d5b0474&ps=13740610&shp=30310797&shcp=ff37627b&idc=useast8"
"Semangat terus ka💐","1","0","2025-01-23T12:52:44.000Z","shennn619","https://www.tiktok.com/@aisyahrendusara/video/7462784973918047506","7032614741487748097","7463092975984378629","https://p16-common-sign-sg.tiktokcdn-us.com/tos-alisg-avt-0068/f2ec76cd6442659f96ad6d9e604c2521~tplv-tiktokx-cropcenter:100:100.jpg?dr=9640&refresh_token=47a80431&x-expires=1756951200&x-signature=52273dgLOsB2jQZ8EQ1EhZbsVQw%3D&t=4d5b0474&ps=13740610&shp=30310797&shcp=ff37627b&idc=useast8"
"OMGGG keren bgtt!","1","0","2025-01-23T17:31:23.000Z","lavenderlhaaze","https://www.tiktok.com/@aisyahrendusara/video/7462784973918047506","6780287669164426242","7463164774609814280","https://p16-common-sign-sg.tiktokcdn-us.com/tos-alisg-avt-0068/12e91b2aafc20b51185ee9535f363f66~tplv-tiktokx-cropcenter:100:100.jpg?dr=9640&refresh_token=458bcfc3&x-expires=1756951200&x-signature=XV84HuHdnMJxLKmmA3w8TtrLMK0%3D&t=4d5b0474&ps=13740610&shp=30310797&shcp=ff37627b&idc=useast8"
"GIRLLL keren bangett","1","0","2025-01-23T17:52:40.000Z","valhallabx","https://www.tiktok.com/@aisyahrendusara/video/7462784973918047506","6999256326740853762","7463170205721740052","https://p16-common-sign-sg.tiktokcdn-us.com/tos-alisg-avt-0068/60cc46048e7cf91ff862395efa22d614~tplv-tiktokx-cropcenter:100:100.jpg?dr=9640&refresh_token=55da0b9c&x-expires=1756951200&x-signature=QwtVQYpkW%2BMXXzzjunIk21fRnLQ%3D&t=4d5b0474&ps=13740610&shp=30310797&shcp=ff37627b&idc=useast8"
"kereen","1","1","2025-01-28T07:08:42.000Z","apt.hilda_m.farm","https://www.tiktok.com/@aisyahrendusara/video/7462784973918047506","7214013377772225538","7464859747985441543","https://p16-common-sign-va.tiktokcdn-us.com/tos-maliva-avt-0068/2a22418053778ef41c90ed8527c40ff3~tplv-tiktokx-cropcenter:100:100.jpg?dr=9640&refresh_token=c2c1de47&x-expires=1756951200&x-signature=4HpKhKMUXTMrXJfYEEhwpNV0lbc%3D&t=4d5b0474&ps=13740610&shp=30310797&shcp=ff37627b&idc=useast8"
"mau kak template nya","0","0","2025-08-14T15:15:45.000Z","cuandesk","https://www.tiktok.com/@nadaikaa/video/7538096529605709112","7220079182666564613","7538460194000306952","https://p16-common-sign-sg.tiktokcdn-us.com/tos-alisg-avt-0068/5d68229629c7a5c8e3fc3c6fa02560f5~tplv-tiktokx-cropcenter:100:100.jpg?dr=9640&refresh_token=69767a75&x-expires=1756951200&x-signature=us946FTMFtReBZ5lo%2BSehsv2fjE%3D&t=4d5b0474&ps=13740610&shp=30310797&shcp=ff37627b&idc=useast5"
"mau templetnya kak","0","0","2025-08-30T07:45:01.000Z","abilan_31","https://www.tiktok.com/@nadaikaa/video/7538096529605709112","7512074189797786625","7544281391661368072","https://p16-common-sign-sg.tiktokcdn-us.com/tos-alisg-avt-0068/31c448ffcdaf7d7704080d5fbc855148~tplv-tiktokx-cropcenter:100:100.jpg?dr=9640&refresh_token=03233376&x-expires=1756951200&x-signature=Mjub0vAr1igSarY8yLoG25ojGSY%3D&t=4d5b0474&ps=13740610&shp=30310797&shcp=ff37627b&idc=useast5"
"mau kak template nya🙏","0","0","2025-08-15T04:31:06.000Z","bbto281","https://www.tiktok.com/@nadaikaa/video/7538096529605709112","7214339820523914242","7538665142491349778","https://p16-common-sign-sg.tiktokcdn-us.com/tos-alisg-avt-0068/ffd593a11816c8eafa1845f60d1aa2d6~tplv-tiktokx-cropcenter:100:100.jpg?dr=9640&refresh_token=05334d1b&x-expires=1756951200&x-signature=bmcSx4uqkBYXWvAocqMcNomqdfk%3D&t=4d5b0474&ps=13740610&shp=30310797&shcp=ff37627b&idc=useast5"
"Essay","0","0","2025-08-20T03:41:08.000Z","ikannthi","https://www.tiktok.com/@nadaikaa/video/7538096529605709112","72299974493","7540507685776343825","https://p16-common-sign-va.tiktokcdn-us.com/tos-maliva-avt-0068/f48b6480a7be7e5778ca5cee6e608913~tplv-tiktokx-cropcenter:100:100.jpg?dr=9640&refresh_token=a16c5809&x-expires=1756951200&x-signature=euRtTPmBJoslkOtq6OLKqmZ0StA%3D&t=4d5b0474&ps=13740610&shp=30310797&shcp=ff37627b&idc=useast5"
"mau kakkk","0","0","2025-08-26T03:42:01.000Z","hi.blueme","https://www.tiktok.com/@nadaikaa/video/7538096529605709112","7473925470691623944","7542734421130248967","https://p16-common-sign-sg.tiktokcdn-us.com/tos-alisg-avt-0068/3302044c46fb737cfec0fe3fe86e5b13~tplv-tiktokx-cropcenter:100:100.jpg?dr=9640&refresh_token=75aa1e5d&x-expires=1756951200&x-signature=wsLiauA72rwdWttrIn492g73z7E%3D&t=4d5b0474&ps=13740610&shp=30310797&shcp=ff37627b&idc=useast5"
"kak, kalo ga keberatan boleh ya share template essaynya
makasih ❤️🫰","0","0","2025-08-26T09:06:29.000Z","juli.reag","https://www.tiktok.com/@nadaikaa/video/7538096529605709112","7298341692767470598","7542818058507731720","https://p16-common-sign-va.tiktokcdn-us.com/tos-maliva-avt-0068/7305222722800189445~tplv-tiktokx-cropcenter:100:100.jpg?dr=9640&refresh_token=566e6a0e&x-expires=1756951200&x-signature=%2F3lqIlRVaQ6rHxL61WOJsOh6e2I%3D&t=4d5b0474&ps=13740610&shp=30310797&shcp=ff37627b&idc=useast5"
"mau kak","0","0","2025-08-26T02:33:07.000Z","dyxx_still_kid","https://www.tiktok.com/@nadaikaa/video/7538096529605709112","6959827399799555077","7542716668649931537","https://p19-common-sign-useast2a.tiktokcdn-us.com/tos-useast2a-avt-0068-giso/5dca9d515c6cf85c03d16ea1749b2638~tplv-tiktokx-cropcenter:100:100.jpg?dr=9640&refresh_token=ebff5502&x-expires=1756951200&x-signature=Ihrkrxht9PWnqyz%2FrrxqW1eRTcg%3D&t=4d5b0474&ps=13740610&shp=30310797&shcp=ff37627b&idc=useast5"
"up","1",,"2025-09-01T07:40:56.000Z","pisangnuggetrenyah","https://www.tiktok.com/@nadaikaa/video/7538096529605709112","7376529395416859654","7545022503552336661","https://p16-sign-sg.tiktokcdn.com/tos-alisg-avt-0068/aae449e860c3a1f845073e827d41dbcc~tplv-tiktokx-cropcenter:100:100.jpg?dr=14579&refresh_token=4b7238e8&x-expires=1756951200&x-signature=vkR%2BvmFsts9ACzNgLF1a4MViwZE%3D&t=4d5b0474&ps=13740610&shp=30310797&shcp=ff37627b&idc=maliva"
"upp","0",,"2025-09-02T07:16:56.000Z","kyyy_world","https://www.tiktok.com/@nadaikaa/video/7538096529605709112","7406261770401350662","7545387413251162900","https://p16-sign-sg.tiktokcdn.com/tos-alisg-avt-0068/2965ef39f1d1b131bb071765e10e9d90~tplv-tiktokx-cropcenter:100:100.jpg?dr=14579&refresh_token=6620caec&x-expires=1756951200&x-signature=ZK%2FFcsWHDNoZbjHEbt8JynW99ao%3D&t=4d5b0474&ps=13740610&shp=30310797&shcp=ff37627b&idc=maliva"
"up","0",,"2025-09-01T14:10:44.000Z","laficrimee","https://www.tiktok.com/@nadaikaa/video/7538096529605709112","7008934042075431962","7545122966310568711","https://p16-sign-va.tiktokcdn.com/tos-maliva-avt-0068/ca2928fa2e5de3cb38609a633cc35239~tplv-tiktokx-cropcenter:100:100.jpg?dr=14579&refresh_token=72b03f22&x-expires=1756951200&x-signature=xk4zBD6B3h67z6W4r6hiK96Sz6Q%3D&t=4d5b0474&ps=13740610&shp=30310797&shcp=ff37627b&idc=maliva"
"up🥺","0",,"2025-08-31T09:44:46.000Z","threehnst","https://www.tiktok.com/@nadaikaa/video/7538096529605709112","7067886821585257498","7544683338566419221","https://p16-sign-sg.tiktokcdn.com/tos-alisg-avt-0068/2ecc18aaa41b6ba659e6a62e2de66db0~tplv-tiktokx-cropcenter:100:100.jpg?dr=14579&refresh_token=f7d0526e&x-expires=1756951200&x-signature=5pJcA3yRFAlVzog92Zvr75m4ACw%3D&t=4d5b0474&ps=13740610&shp=30310797&shcp=ff37627b&idc=maliva"
"Mau ka templatenya🙏","0","0","2025-08-14T10:31:18.000Z","henrydiaustralia","https://www.tiktok.com/@nadaikaa/video/7538096529605709112","7144128468753040390","7538386869891236626","https://p16-sign-va.tiktokcdn.com/tos-maliva-avt-0068/4906673c10db66c3fafabb723ee8c866~tplv-tiktokx-cropcenter:100:100.jpg?dr=10399&refresh_token=b357fb94&x-expires=1756951200&x-signature=fisO7WKkTJhZVpx5nPtwe%2Bhez38%3D&t=4d5b0474&ps=13740610&shp=30310797&shcp=ff37627b&idc=no1a"
"kK mau kakk","0","0","2025-08-28T04:17:28.000Z","yypinggzz","https://www.tiktok.com/@nadaikaa/video/7538096529605709112","6967756652472927233","7543485753889178386","https://p16-sign-sg.tiktokcdn.com/tos-alisg-avt-0068/7be9e7e4121f5cae031ce44f2c2d61b0~tplv-tiktokx-cropcenter:100:100.jpg?dr=10399&refresh_token=9d57e55e&x-expires=1756951200&x-signature=OEghkjd9%2BPkdbCOOvcYy%2FB%2BFCHY%3D&t=4d5b0474&ps=13740610&shp=30310797&shcp=ff37627b&idc=no1a"
"mauuu kakk🙏","0","0","2025-08-27T12:15:07.000Z","winaarianti12","https://www.tiktok.com/@nadaikaa/video/7538096529605709112","7089015830172976155","7543237738377888519","https://p16-sign-va.tiktokcdn.com/tos-maliva-avt-0068/2c18a9b9c243f006cc9b44e378a09262~tplv-tiktokx-cropcenter:100:100.jpg?dr=10399&refresh_token=4942104d&x-expires=1756951200&x-signature=x115zNuKR5SNpbFm5FpR6%2Fr8e6w%3D&t=4d5b0474&ps=13740610&shp=30310797&shcp=ff37627b&idc=no1a"
"tiap tahun mestinya ada 😊✨️","1",,"2025-07-30T01:04:53.000Z","ieltspresso","https://www.tiktok.com/@ieltspresso/video/7502371181903777030","6836244870434571265","7532674627022160656","https://p16-sign-sg.tiktokcdn.com/tos-alisg-avt-0068/8dbb57f12b0e7d4eda8e9a67e47511c2~tplv-tiktokx-cropcenter:100:100.jpg?dr=10399&refresh_token=accb74a1&x-expires=1756951200&x-signature=nuOzt6ns9ymoOtgMUpbMOqo4TG8%3D&t=4d5b0474&ps=13740610&shp=30310797&shcp=ff37627b&idc=no1a"
"exchange itu apa beasiswa??","0","1","2025-06-01T08:35:26.000Z","zh4fihraaaa","https://www.tiktok.com/@ieltspresso/video/7502371181903777030","7289844111258305538","7510896704348488455","https://p16-sign-va.tiktokcdn.com/tos-maliva-avt-0068/035f3c92b0712713d9c1c0f933409ebf~tplv-tiktokx-cropcenter:100:100.jpg?dr=10399&refresh_token=1e695beb&x-expires=1756951200&x-signature=kRDVBxY43%2FQmT%2BNtog6XCCwy99w%3D&t=4d5b0474&ps=13740610&shp=30310797&shcp=ff37627b&idc=no1a"
"S1?","1","1","2025-05-09T20:56:06.000Z","quantuminsight12","https://www.tiktok.com/@ieltspresso/video/7502371181903777030","7453338810060391430","7502552494964589319","https://p16-sign-sg.tiktokcdn.com/tos-alisg-avt-0068/a62d00e657dfab505d2f1c917c8bb8d4~tplv-tiktokx-cropcenter:100:100.jpg?dr=10399&refresh_token=6edc944f&x-expires=1756951200&x-signature=pGTk4St1EkRWNaWO6wsP6neEfUQ%3D&t=4d5b0474&ps=13740610&shp=30310797&shcp=ff37627b&idc=no1a"
"iyaap","1",,"2025-05-13T01:59:05.000Z","ieltspresso","https://www.tiktok.com/@ieltspresso/video/7502371181903777030","6836244870434571265","7503743805788357393","https://p16-sign-sg.tiktokcdn.com/tos-alisg-avt-0068/8dbb57f12b0e7d4eda8e9a67e47511c2~tplv-tiktokx-cropcenter:100:100.jpg?dr=10399&refresh_token=accb74a1&x-expires=1756951200&x-signature=nuOzt6ns9ymoOtgMUpbMOqo4TG8%3D&t=4d5b0474&ps=13740610&shp=30310797&shcp=ff37627b&idc=no1a"
"mau templatenya kak, kalau punya group mau join kak","0","0","2025-08-15T10:58:42.000Z","rimma.ns","https://www.tiktok.com/@nadaikaa/video/7538096529605709112","6793361731122545666","7538765032587625236","https://p16-common-sign-useastred.tiktokcdn-eu.com/tos-useast2a-avt-0068-giso/9645b4d8303e4b0fa97d6ba4757a6421~tplv-tiktokx-cropcenter:100:100.jpg?dr=10399&refresh_token=97bd953f&x-expires=1756951200&x-signature=D%2BZSM3APrDH3uLVbDVdWtEhrugc%3D&t=4d5b0474&ps=13740610&shp=30310797&shcp=ff37627b&idc=no1a"
"mau templatenya mbak","0","0","2025-08-23T06:25:06.000Z","mery_mama","https://www.tiktok.com/@nadaikaa/video/7538096529605709112","6961574107231011841","7541663209003631368","https://p16-sign-sg.tiktokcdn.com/tos-alisg-avt-0068/f9992ccd01177e194c3036e6c1cadcef~tplv-tiktokx-cropcenter:100:100.jpg?dr=10399&refresh_token=37266e68&x-expires=1756951200&x-signature=8mKl%2BUmd9tlHc8ZbmdrZUpdqcwk%3D&t=4d5b0474&ps=13740610&shp=30310797&shcp=ff37627b&idc=no1a"
"essayyy, aku mauu kakk 🥺","0","0","2025-08-26T04:58:52.000Z","najwasbrn","https://www.tiktok.com/@nadaikaa/video/7538096529605709112","6938314505328002049","7542754238339384082","https://p16-sign-sg.tiktokcdn.com/tos-alisg-avt-0068/7326222574172995605~tplv-tiktokx-cropcenter:100:100.jpg?dr=10399&refresh_token=9661ba35&x-expires=1756951200&x-signature=odU5n1%2B5PO33FA3armxlvA%2FwgdU%3D&t=4d5b0474&ps=13740610&shp=30310797&shcp=ff37627b&idc=no1a"
"Hallo kak, boleh share templatenya?","0","0","2025-08-14T15:35:41.000Z","mintchoco1402","https://www.tiktok.com/@nadaikaa/video/7538096529605709112","6786233858456749057","7538465337294062343","https://p16-sign-va.tiktokcdn.com/tos-maliva-avt-0068/f6f79c22427bf1c6877bb15a8a69e18a~tplv-tiktokx-cropcenter:100:100.jpg?dr=10399&refresh_token=ccf93d5b&x-expires=1756951200&x-signature=kaGeDER%2BLe2TaRNUkcPRWj6loJY%3D&t=4d5b0474&ps=13740610&shp=30310797&shcp=ff37627b&idc=no1a"
"mau tenplatenya kak","0","0","2025-08-22T10:27:57.000Z","rika.rahayu69","https://www.tiktok.com/@nadaikaa/video/7538096529605709112","7337118776784372741","7541354684826780423","https://p16-sign-va.tiktokcdn.com/tos-maliva-avt-0068/7341324353868398597~tplv-tiktokx-cropcenter:100:100.jpg?dr=10399&refresh_token=e2c41353&x-expires=1756951200&x-signature=EejmLJTxP6kIhRK7wNYa5y0GvPQ%3D&t=4d5b0474&ps=13740610&shp=30310797&shcp=ff37627b&idc=no1a"
"mau templatenya kakk🥹🥹","0","0","2025-08-16T00:07:42.000Z","nggggg07","https://www.tiktok.com/@nadaikaa/video/7538096529605709112","6845562121318728706","7538968276794852112","https://p16-sign-sg.tiktokcdn.com/tos-alisg-avt-0068/59b23ddb8bd9f1220071d5d470786990~tplv-tiktokx-cropcenter:100:100.jpg?dr=10399&refresh_token=233ea83e&x-expires=1756951200&x-signature=zCzoVpchuWJhCHQW9gmWL8jFWx0%3D&t=4d5b0474&ps=13740610&shp=30310797&shcp=ff37627b&idc=no1a"
"MAUU KAKK","0","0","2025-08-27T04:32:58.000Z","archivebf","https://www.tiktok.com/@nadaikaa/video/7538096529605709112","7174672528823583771","7543118656792888072","https://p16-common-sign-useastred.tiktokcdn-eu.com/tos-useast2a-avt-0068-giso/9a44fc77e4fc28acb9ba02446df94840~tplv-tiktokx-cropcenter:100:100.jpg?dr=10399&refresh_token=24219cf8&x-expires=1756951200&x-signature=OYTNFSRQrlxAd9FnxPLtEc1%2FpbM%3D&t=4d5b0474&ps=13740610&shp=30310797&shcp=ff37627b&idc=no1a"
"yesss you’ve got this !!","15",,"2025-01-23T03:41:32.000Z","aisyahrendusara","https://www.tiktok.com/@aisyahrendusara/video/7462784973918047506","6805854790821725186","7462950884667900692","https://p16-sign-sg.tiktokcdn.com/tos-alisg-avt-0068/1cba6b3b053c06471a6d1aa9d9e7df51~tplv-tiktokx-cropcenter:100:100.jpg?dr=10399&refresh_token=3430879d&x-expires=1756951200&x-signature=t1b25A%2Bl6G26VxXrpSYhSL%2B8WsY%3D&t=4d5b0474&ps=13740610&shp=30310797&shcp=ff37627b&idc=no1a"
"thank you kak aamiin😭","2",,"2025-01-24T06:12:47.000Z","akubambi","https://www.tiktok.com/@aisyahrendusara/video/7462784973918047506","6794235989553792001","7463361014336602898","https://p16-common-sign-sg.tiktokcdn-us.com/tos-alisg-avt-0068/6fe912f0d59ca2f0b4efd7506302b348~tplv-tiktokx-cropcenter:100:100.jpg?dr=9640&refresh_token=263dbdc6&x-expires=1756951200&x-signature=zWDxvSV8xf0dmEa2V6%2BGkZFrIh8%3D&t=4d5b0474&ps=13740610&shp=30310797&shcp=ff37627b&idc=useast8"
"omg you did so great so far! Gluck for your ielts test 🤛🏼","0",,"2025-01-23T12:57:11.000Z","aisyahrendusara","https://www.tiktok.com/@aisyahrendusara/video/7462784973918047506","6805854790821725186","7463094125573096213","https://p16-common-sign-sg.tiktokcdn-us.com/tos-alisg-avt-0068/1cba6b3b053c06471a6d1aa9d9e7df51~tplv-tiktokx-cropcenter:100:100.jpg?dr=9640&refresh_token=42c06608&x-expires=1756951200&x-signature=Im0%2BZKz5s1W09Eq3aX08DYsj0uU%3D&t=4d5b0474&ps=13740610&shp=30310797&shcp=ff37627b&idc=useast5"
"indeed! all we have to do is fight for our own dreams ☺️","4",,"2025-01-23T07:33:12.000Z","aisyahrendusara","https://www.tiktok.com/@aisyahrendusara/video/7462784973918047506","6805854790821725186","7463010613226324756","https://p16-sign-sg.tiktokcdn.com/tos-alisg-avt-0068/1cba6b3b053c06471a6d1aa9d9e7df51~tplv-tiktokx-cropcenter:100:100.jpg?dr=10399&refresh_token=3430879d&x-expires=1756951200&x-signature=t1b25A%2Bl6G26VxXrpSYhSL%2B8WsY%3D&t=4d5b0474&ps=13740610&shp=30310797&shcp=ff37627b&idc=no1a"
"yeah you’ve got this! 💕","0",,"2025-01-23T00:38:52.000Z","aisyahrendusara","https://www.tiktok.com/@aisyahrendusara/video/7462784973918047506","6805854790821725186","7462903815369442065","https://p16-common-sign-sg.tiktokcdn-us.com/tos-alisg-avt-0068/1cba6b3b053c06471a6d1aa9d9e7df51~tplv-tiktokx-cropcenter:100:100.jpg?dr=9640&refresh_token=42c06608&x-expires=1756951200&x-signature=Im0%2BZKz5s1W09Eq3aX08DYsj0uU%3D&t=4d5b0474&ps=13740610&shp=30310797&shcp=ff37627b&idc=useast5"
"i feel old yes i am but im gonna claim this energy","1",,"2025-01-24T18:22:24.000Z","nh28055","https://www.tiktok.com/@aisyahrendusara/video/7462784973918047506","7320987817583182850","7463549008938910471","https://p16-common-sign-sg.tiktokcdn-us.com/tos-alisg-avt-0068/f8e568827986e66da9b3dd4cea8b4f1e~tplv-tiktokx-cropcenter:100:100.jpg?dr=9640&refresh_token=4a91b722&x-expires=1756951200&x-signature=%2Ff6so2JJGJ%2Fw1ARv7e%2BEHjVB5kk%3D&t=4d5b0474&ps=13740610&shp=30310797&shcp=ff37627b&idc=useast8"
"we are never too old for reaching our dreams, better late than never xixi 😊","0",,"2025-01-24T21:46:38.000Z","aisyahrendusara","https://www.tiktok.com/@aisyahrendusara/video/7462784973918047506","6805854790821725186","7463601345003471637","https://p16-common-sign-sg.tiktokcdn-us.com/tos-alisg-avt-0068/1cba6b3b053c06471a6d1aa9d9e7df51~tplv-tiktokx-cropcenter:100:100.jpg?dr=9640&refresh_token=42c06608&x-expires=1756951200&x-signature=Im0%2BZKz5s1W09Eq3aX08DYsj0uU%3D&t=4d5b0474&ps=13740610&shp=30310797&shcp=ff37627b&idc=useast8"
"then you will soon be in the next stage ! kee fighting yaaa🥺","0",,"2025-01-30T16:08:05.000Z","aisyahrendusara","https://www.tiktok.com/@aisyahrendusara/video/7462784973918047506","6805854790821725186","7465740923382792968","https://p16-sign-sg.tiktokcdn.com/tos-alisg-avt-0068/1cba6b3b053c06471a6d1aa9d9e7df51~tplv-tiktokx-cropcenter:100:100.jpg?dr=14579&refresh_token=3430879d&x-expires=1756951200&x-signature=t1b25A%2Bl6G26VxXrpSYhSL%2B8WsY%3D&t=4d5b0474&ps=13740610&shp=30310797&shcp=ff37627b&idc=maliva"
"beneran dong 🥹","0",,"2025-05-09T11:06:21.000Z","ieltspresso","https://www.tiktok.com/@ieltspresso/video/7502371181903777030","6836244870434571265","7502400565478474513","https://p16-sign-sg.tiktokcdn.com/tos-alisg-avt-0068/8dbb57f12b0e7d4eda8e9a67e47511c2~tplv-tiktokx-cropcenter:100:100.jpg?dr=14579&refresh_token=accb74a1&x-expires=1756951200&x-signature=nuOzt6ns9ymoOtgMUpbMOqo4TG8%3D&t=4d5b0474&ps=13740610&shp=30310797&shcp=ff37627b&idc=maliva"
"ka izin bertanya ka aku ikut yang gama exchange ke 3 negara itu biaya untuk beberapa hari disana seperti makan apa sudah ke cover ka 🙏🏻","0",,"2025-09-01T23:12:17.000Z","stn1701","https://www.tiktok.com/@ieltspresso/video/7502371181903777030","7303740122746553350","7545262423521329927","https://p16-sign-sg.tiktokcdn.com/tos-alisg-avt-0068/2527aea649e33dcb5b00689ee9fd56d0~tplv-tiktokx-cropcenter:100:100.jpg?dr=14579&refresh_token=4941ffea&x-expires=1756951200&x-signature=J60otctnuvgwfz4tNToDV5xjhqI%3D&t=4d5b0474&ps=13740610&shp=30310797&shcp=ff37627b&idc=maliva"
"hi Sob, utk exchange fully funded semuanya ditanggung yA","0",,"2025-09-02T00:48:55.000Z","ieltspresso","https://www.tiktok.com/@ieltspresso/video/7502371181903777030","6836244870434571265","7545287345907319568","https://p16-sign-sg.tiktokcdn.com/tos-alisg-avt-0068/8dbb57f12b0e7d4eda8e9a67e47511c2~tplv-tiktokx-cropcenter:100:100.jpg?dr=14579&refresh_token=accb74a1&x-expires=1756951200&x-signature=nuOzt6ns9ymoOtgMUpbMOqo4TG8%3D&t=4d5b0474&ps=13740610&shp=30310797&shcp=ff37627b&idc=maliva"
"please nanti buat video lagiii🥹 sebelum saya menua hahaha","0",,"2025-07-30T01:44:13.000Z","dayzcam","https://www.tiktok.com/@ieltspresso/video/7502371181903777030","6809909294017889282","7532684768958972690","https://p16-common-sign-sg.tiktokcdn-us.com/tos-alisg-avt-0068/9eb5b8be516b9014795f4999d1272dfb~tplv-tiktokx-cropcenter:100:100.jpg?dr=9640&refresh_token=9632ed7d&x-expires=1756951200&x-signature=IwMmSTXdtjIWu3RLpz4FsN4T2D8%3D&t=4d5b0474&ps=13740610&shp=30310797&shcp=ff37627b&idc=useast8"
"siap, tapi follow terus yaa ☝🏻","0",,"2025-07-30T04:56:23.000Z","ieltspresso","https://www.tiktok.com/@ieltspresso/video/7502371181903777030","6836244870434571265","7532734304829571856","https://p16-common-sign-sg.tiktokcdn-us.com/tos-alisg-avt-0068/8dbb57f12b0e7d4eda8e9a67e47511c2~tplv-tiktokx-cropcenter:100:100.jpg?dr=9640&refresh_token=ef551d17&x-expires=1756951200&x-signature=U9lg5eUhnTFmFmutB7j9P7U6ksI%3D&t=4d5b0474&ps=13740610&shp=30310797&shcp=ff37627b&idc=useast8"
"done👍🏻👍🏻","0",,"2025-07-30T05:07:22.000Z","dayzcam","https://www.tiktok.com/@ieltspresso/video/7502371181903777030","6809909294017889282","7532737137024762631","https://p16-common-sign-sg.tiktokcdn-us.com/tos-alisg-avt-0068/9eb5b8be516b9014795f4999d1272dfb~tplv-tiktokx-cropcenter:100:100.jpg?dr=9640&refresh_token=9632ed7d&x-expires=1756951200&x-signature=IwMmSTXdtjIWu3RLpz4FsN4T2D8%3D&t=4d5b0474&ps=13740610&shp=30310797&shcp=ff37627b&idc=useast8"
"aku masih kelas 11 semester 2, bisa daftar enggak ya kak?","0",,"2025-05-19T11:14:03.000Z","u02ne6","https://www.tiktok.com/@ieltspresso/video/7502371181903777030","6783972261504369666","7506113430669394689","https://p16-common-sign-useastred.tiktokcdn-eu.com/tos-useast2a-avt-0068-giso/bb8a02161c8241058b3818cbd7aed6ac~tplv-tiktokx-cropcenter:100:100.jpg?dr=10399&refresh_token=fdb9cd5c&x-expires=1756951200&x-signature=zNwZ%2Fo%2Bnc7khEmq7amEWVb4uEAk%3D&t=4d5b0474&ps=13740610&shp=30310797&shcp=ff37627b&idc=no1a"
"keluar d google rate dollar us Canada","0",,"2025-06-20T11:46:34.000Z","nengsarah2000","https://www.tiktok.com/@ieltspresso/video/7502371181903777030","6977723421082305537","7517996602315047698","https://p16-sign-va.tiktokcdn.com/tos-maliva-avt-0068/613c888fa7948d87943f8ba99fb13fc9~tplv-tiktokx-cropcenter:100:100.jpg?dr=10399&refresh_token=b910ceb4&x-expires=1756951200&x-signature=YIkS0hg673C4otGRvBlL3cT3LCY%3D&t=4d5b0474&ps=13740610&shp=30310797&shcp=ff37627b&idc=no1a"
"kerenn kakk manchester saluttt","1","0","2025-03-07T16:23:30.000Z","sukalarii","https://www.tiktok.com/@aisyahrendusara/video/7462784973918047506","248848695528747009","7479103889830216454","https://p16-common-sign-sg.tiktokcdn-us.com/tos-alisg-avt-0068/3dca53fd2b88e173e28cd88d6fa6c8ff~tplv-tiktokx-cropcenter:100:100.jpg?dr=9640&refresh_token=71b8c821&x-expires=1756951200&x-signature=eKZfPOj6RhnCBsAFGMQ%2FvCB0TBU%3D&t=4d5b0474&ps=13740610&shp=30310797&shcp=ff37627b&idc=useast5"
"masyaallah keren bgt kakk🥹","1","0","2025-02-03T08:49:34.000Z","nysafeplace","https://www.tiktok.com/@aisyahrendusara/video/7462784973918047506","6603844411581726722","7467112272889103112","https://p16-common-sign-useast2a.tiktokcdn-us.com/tos-useast2a-avt-0068-giso/5ddc4002c5f36a97a3bf1fbe3a18653a~tplv-tiktokx-cropcenter:100:100.jpg?dr=9640&refresh_token=a0736eb1&x-expires=1756951200&x-signature=ywQonFqfqw3J9%2BOA2DtFpuu25vg%3D&t=4d5b0474&ps=13740610&shp=30310797&shcp=ff37627b&idc=useast5"
"makasiihhh","0",,"2025-01-28T11:34:22.000Z","aisyahrendusara","https://www.tiktok.com/@aisyahrendusara/video/7462784973918047506","6805854790821725186","7464928167411041045","https://p16-common-sign-sg.tiktokcdn-us.com/tos-alisg-avt-0068/1cba6b3b053c06471a6d1aa9d9e7df51~tplv-tiktokx-cropcenter:100:100.jpg?dr=9640&refresh_token=42c06608&x-expires=1756951200&x-signature=Im0%2BZKz5s1W09Eq3aX08DYsj0uU%3D&t=4d5b0474&ps=13740610&shp=30310797&shcp=ff37627b&idc=useast5"
"CLAIMING THIS ENERGYYY 💪💪","1","0","2025-03-13T11:39:32.000Z","hyunwooon","https://www.tiktok.com/@aisyahrendusara/video/7462784973918047506","7000015565071041537","7481257321034269457","https://p16-common-sign-sg.tiktokcdn-us.com/tos-alisg-avt-0068/7743ee1274e0dd596faee7bced03e6df~tplv-tiktokx-cropcenter:100:100.jpg?dr=9640&refresh_token=07212abf&x-expires=1756951200&x-signature=2xIvxiKcXjEJuOxVVVO5kBc0s68%3D&t=4d5b0474&ps=13740610&shp=30310797&shcp=ff37627b&idc=useast5"
"kalo bisa tuh video gini, langsung terbayang setiap aku berkedip 🙂","1","0","2025-01-29T10:50:40.000Z","earthoooc","https://www.tiktok.com/@aisyahrendusara/video/7462784973918047506","6896793919365006338","7465288048465412882","https://p16-common-sign-sg.tiktokcdn-us.com/tos-alisg-avt-0068/46d84b085940441ad71ee03caafba105~tplv-tiktokx-cropcenter:100:100.jpg?dr=9640&refresh_token=13296bc2&x-expires=1756951200&x-signature=QNmw7RblDAf8WmwAOMlVq55gDIM%3D&t=4d5b0474&ps=13740610&shp=30310797&shcp=ff37627b&idc=useast5"
"masi ga percaya 😭 ini biaya hidup gitu” gimanaa ka","3",,"2025-05-15T11:47:18.000Z","onmywayyies","https://www.tiktok.com/@ieltspresso/video/7502371181903777030","7235242315269784581","7504637669601231623","https://p16-sign-sg.tiktokcdn.com/tos-alisg-avt-0068/55509ed12efa65c1977fb6d2ac281aee~tplv-tiktokx-cropcenter:100:100.jpg?dr=14579&refresh_token=09f1d623&x-expires=1756951200&x-signature=C2VxEMEvQYp4BxPKF3hoCYhgh1o%3D&t=4d5b0474&ps=13740610&shp=30310797&shcp=ff37627b&idc=maliva"
"harus tes ielts sm toffel dlu pasti","0",,"2025-06-04T09:23:42.000Z","user592248224","https://www.tiktok.com/@ieltspresso/video/7502371181903777030","7449344527397913607","7512022404383326977","https://p16-sign-sg.tiktokcdn.com/tos-alisg-avt-0068/e700d06c210ae9fafd420ac0b1c7501e~tplv-tiktokx-cropcenter:100:100.jpg?dr=14579&refresh_token=dc579ec4&x-expires=1756951200&x-signature=z4e7UdPTYr23VMN9IxHV5TDk2Xk%3D&t=4d5b0474&ps=13740610&shp=30310797&shcp=ff37627b&idc=maliva"
"iyaa pake ielts","0",,"2025-05-11T07:48:10.000Z","redcasper7","https://www.tiktok.com/@ieltspresso/video/7502371181903777030","6882418102789850113","7503091726928773906","https://p16-common-sign-va.tiktokcdn-us.com/tos-maliva-avt-0068/2efe44f2ac14ec44481217375b0eab70~tplv-tiktokx-cropcenter:100:100.jpg?dr=9640&refresh_token=2be863ff&x-expires=1756951200&x-signature=ID%2BVLM1fJ9x246kJFj3hOto8KgI%3D&t=4d5b0474&ps=13740610&shp=30310797&shcp=ff37627b&idc=useast5"
"exchange itu pertukaran pelajar/budaya, nah ada beasiswanya yg artinya gratis dibiayai oleh penyedianya yaa 😊","0",,"2025-06-02T03:40:54.000Z","ieltspresso","https://www.tiktok.com/@ieltspresso/video/7502371181903777030","6836244870434571265","7511191855373320976","https://p16-common-sign-sg.tiktokcdn-us.com/tos-alisg-avt-0068/8dbb57f12b0e7d4eda8e9a67e47511c2~tplv-tiktokx-cropcenter:100:100.jpg?dr=9640&refresh_token=ef551d17&x-expires=1756951200&x-signature=U9lg5eUhnTFmFmutB7j9P7U6ksI%3D&t=4d5b0474&ps=13740610&shp=30310797&shcp=ff37627b&idc=useast8"
